HCPCS,Mod 1,Mod 2,Medicare
A4206,,,$0.32
A4215,,,Prevailing State Rates
A4216,,,$0.42
A4217,AU,,$4.38
A4217,,,$3.42
A4224,,,$21.74
A4225,,,$2.73
A4230,,,Prevailing State Rates
A4231,,,Prevailing State Rates
A4232,,,Prevailing State Rates
A4233,,,Prevailing State Rates
A4235,,,$1.00
A4238,KF,,$317.65
A4238,,,$317.65
A4239,,,$293.26
A4245,,,Prevailing State Rates
A4247,,,Prevailing State Rates
A4252,,,Prevailing State Rates
A4253,,,$32.78
A4253,KL,,Prevailing State Rates
A4256,,,$16.84
A4258,,,$2.12
A4259,,,$11.04
A4281,,,Prevailing State Rates
A4282,,,Prevailing State Rates
A4283,,,Prevailing State Rates
A4284,,,Prevailing State Rates
A4285,,,Prevailing State Rates
A4286,,,Prevailing State Rates
A4287,,,Prevailing State Rates
A4310,,,$7.17
A4314,,,Prevailing State Rates
A4315,,,Prevailing State Rates
A4320,,,$6.99
A4322,,,$2.99
A4326,,,$13.56
A4331,,,$3.47
A4332,,,$0.12
A4333,,,$2.42
A4334,,,$5.37
A4335,,,Cost Invoice
A4338,,,$13.39
A4340,,,$44.36
A4344,,,$17.47
A4346,,,Prevailing State Rates
A4349,,,$2.19
A4351,,,$1.20
A4352,,,$4.62
A4353,,,$5.04
A4354,,,Prevailing State Rates
A4356,,,Prevailing State Rates
A4357,,,$10.60
A4358,,,$6.38
A4361,,,Prevailing State Rates
A4362,,,$3.22
A4363,,,$2.58
A4364,,,$3.21
A4366,,,$1.69
A4367,,,$8.03
A4369,,,$2.25
A4371,,,$3.92
A4373,,,$8.19
A4385,,,$5.56
A4388,,,$4.66
A4389,,,$8.12
A4390,,,$10.48
A4391,,,$9.87
A4392,,,$11.42
A4393,,,$12.63
A4394,,,$2.83
A4395,,,$0.05
A4396,,,$44.18
A4398,,,Prevailing State Rates
A4399,,,Prevailing State Rates
A4402,,,$1.74
A4404,,,Prevailing State Rates
A4405,,,$4.47
A4406,,,$6.25
A4407,,,$9.56
A4408,,,$10.78
A4409,,,$6.78
A4410,,,$11.82
A4411,,,$5.56
A4412,,,$3.54
A4413,,,$6.02
A4414,,,$5.37
A4416,,,$3.01
A4417,,,$4.07
A4419,,,$1.88
A4422,,,$0.14
A4423,,,$2.42
A4424,,,$5.19
A4425,,,$3.90
A4426,,,$2.98
A4427,,,$3.05
A4428,,,$7.12
A4430,,,$9.30
A4432,,,$3.91
A4433,,,$4.39
A4437,,,Prevailing State Rates
A4450,AW,,$0.14
A4450,,,$0.10
A4452,AW,,$0.53
A4452,,,$0.42
A4453,,,Prevailing State Rates
A4455,,,$1.55
A4456,,,$0.26
A4459,,,Prevailing State Rates
A4467,,,Prevailing State Rates
A4481,,,$0.40
A4483,,,$6.03
A4520,,,Prevailing State Rates
A4556,,,Prevailing State Rates
A4557,,,Prevailing State Rates
A4559,,,Prevailing State Rates
A4565,,,$10.31
A4570,,,Cost Invoice
A4595,,,$11.10
A4604,,,$43.54
A4605,,,$17.90
A4606,,,$130.32
A4614,,,Prevailing State Rates
A4618,,,$7.44
A4623,,,$6.09
A4624,,,$2.74
A4627,,,Prevailing State Rates
A4628,,,$3.78
A4629,,,$5.05
A4640,,,$52.92
A4649,,,Cost Invoice
A4670,,,$52.52
A4927,,,Prevailing State Rates
A4930,,,Prevailing State Rates
A5054,,,$2.51
A5055,,,$2.01
A5056,,,$5.10
A5057,,,$10.48
A5061,,,$3.86
A5063,,,$2.95
A5081,,,$3.07
A5093,,,$2.32
A5102,,,$29.50
A5112,,,$48.38
A5114,,,$9.94
A5120,,,$0.22
A5120,AU,,Prevailing State Rates
A5121,,,$8.14
A5131,,,$14.71
A5200,,,Prevailing State Rates
A5500,,,$53.89
A5501,,,$208.18
A5503,,,$35.40
A5504,,,$52.05
A5512,,,$28.31
A5513,,,$42.25
A5514,,,$42.51
A6010,,,$33.81
A6021,,,$22.95
A6022,,,Prevailing State Rates
A6023,,,Prevailing State Rates
A6196,,,$8.03
A6197,,,$17.95
A6199,,,$5.76
A6203,,,Prevailing State Rates
A6206,,,Prevailing State Rates
A6207,,,$8.02
A6209,,,$8.16
A6210,,,$21.75
A6211,,,$27.75
A6212,,,$10.60
A6213,,,$18.04
A6215,,,Prevailing State Rates
A6216,,,$0.04
A6217,,,Prevailing State Rates
A6218,,,$0.73
A6219,,,$1.04
A6220,,,$2.83
A6222,,,$2.33
A6223,,,$2.65
A6229,,,Prevailing State Rates
A6231,,,$6.13
A6234,,,$7.15
A6235,,,$23.50
A6237,,,Prevailing State Rates
A6238,,,Prevailing State Rates
A6240,,,$17.11
A6242,,,$8.46
A6245,,,Prevailing State Rates
A6248,,,$17.74
A6250,,,Cost Invoice
A6251,,,$2.17
A6252,,,$3.55
A6253,,,$6.91
A6257,,,$1.67
A6258,,,$4.70
A6259,,,$15.28
A6260,,,Cost Invoice
A6261,,,Cost Invoice
A6266,,,$2.09
A6402,,,$0.12
A6403,,,$0.57
A6407,,,Prevailing State Rates
A6441,,,$0.74
A6443,,,$0.30
A6445,,,Prevailing State Rates
A6446,,,$0.42
A6448,,,$1.61
A6449,,,$1.91
A6450,,,$2.45
A6452,,,$6.44
A6453,,,Prevailing State Rates
A6454,,,$0.86
A6456,,,$1.20
A6457,,,$1.24
A6504,,,Prevailing State Rates
A6516,,,Prevailing State Rates
A6522,,,$344.06
A6523,,,$816.33
A6524,,,$429.25
A6525,,,$866.58
A6526,,,$776.07
A6528,,,Prevailing State Rates
A6530,,,$26.77
A6531,,,$47.22
A6532,AW,,$97.96
A6533,,,$41.49
A6534,,,$47.38
A6537,,,$98.18
A6539,,,Prevailing State Rates
A6540,,,Prevailing State Rates
A6545,AW,,$119.03
A6545,,,$92.99
A6549,,,Cost Invoice
A6550,,,$25.64
A6552,,,$64.92
A6553,,,$253.49
A6556,,,$347.40
A6557,,,$347.40
A6558,,,Prevailing State Rates
A6559,,,Prevailing State Rates
A6562,,,"$1,136.98"
A6563,,,"$1,136.98"
A6564,,,Prevailing State Rates
A6565,,,Prevailing State Rates
A6566,,,$285.26
A6568,,,$186.17
A6572,,,$117.70
A6576,,,Prevailing State Rates
A6577,,,Prevailing State Rates
A6578,,,$89.08
A6581,,,$81.73
A6582,,,$54.51
A6583,,,$179.31
A6584,,,$284.48
A6585,,,$212.31
A6586,,,$625.49
A6587,,,$81.94
A6588,,,Prevailing State Rates
A6589,,,Prevailing State Rates
A6593,,,$109.66
A6610,,,$253.49
A7000,,,$8.73
A7002,,,$3.97
A7003,,,$2.32
A7004,,,$1.52
A7005,,,$25.99
A7007,,,$4.02
A7010,,,$19.88
A7012,,,$3.28
A7013,,,$0.70
A7014,,,$3.84
A7015,,,$1.59
A7020,,,$14.54
A7027,,,Prevailing State Rates
A7030,,,$122.62
A7031,,,$45.35
A7032,,,$26.34
A7033,,,$18.46
A7034,,,$76.46
A7035,,,$25.83
A7036,,,$11.82
A7037,,,$26.66
A7038,,,$3.51
A7039,,,$9.96
A7045,,,Prevailing State Rates
A7046,,,$13.50
A7048,,,$57.71
A7507,,,$2.73
A7508,,,$3.14
A7509,,,$1.97
A7520,,,$51.82
A7521,,,$51.35
A7523,,,$19.66
A7525,,,$2.25
A7526,,,$3.70
A8001,,,Prevailing State Rates
A9270,,,Cost Invoice
A9274,,,Prevailing State Rates
A9282,,,Prevailing State Rates
A9284,,,$3.50
A9900,,,Cost Invoice
A9999,,,Cost Invoice
B4034,,,$5.94
B4035,,,$7.22
B4036,,,$7.75
B4081,,,Prevailing State Rates
B4082,,,Prevailing State Rates
B4087,,,$33.70
B4088,,,$79.92
B4100,BO,,Prevailing State Rates
B4100,,,Prevailing State Rates
B4102,BO,,Prevailing State Rates
B4102,,,Prevailing State Rates
B4103,BO,,Prevailing State Rates
B4103,,,Prevailing State Rates
B4105,,,Prevailing State Rates
B4149,,,$1.50
B4150,,,$0.46
B4150,BO,,Prevailing State Rates
B4152,BO,,$0.60
B4152,,,$0.38
B4153,,,$1.54
B4154,,,$0.81
B4154,BO,,Prevailing State Rates
B4155,,,$0.90
B4155,BO,,Prevailing State Rates
B4158,BO,,Prevailing State Rates
B4158,,,Prevailing State Rates
B4160,BO,,Prevailing State Rates
B4160,,,Prevailing State Rates
B4161,BO,,Prevailing State Rates
B4161,,,Prevailing State Rates
B4161,BA,,Prevailing State Rates
B4162,,,Prevailing State Rates
B9002,,,$758.06
B9002,RR,,$115.34
B9998,,,Cost Invoice
E0100,,,$21.49
E0105,,,$50.52
E0110,,,$80.47
E0114,,,$48.93
E0118,,,$823.50
E0118,RR,,$82.35
E0130,,,$52.64
E0135,,,$60.53
E0140,,,$293.98
E0141,,,Prevailing State Rates
E0143,,,$87.34
E0147,,,$448.00
E0148,,,$95.31
E0149,,,$162.16
E0149,RR,,$16.22
E0154,,,$54.43
E0155,,,Prevailing State Rates
E0156,,,$19.20
E0163,,,$89.78
E0165,,,$156.66
E0165,RR,,$15.67
E0167,,,$11.31
E0168,,,$132.75
E0168,RR,,$13.28
E0181,,,$219.64
E0181,RR,,$21.96
E0184,,,$183.45
E0184,RR,,$18.34
E0185,,,$269.60
E0188,,,Prevailing State Rates
E0189,,,Prevailing State Rates
E0190,,,Prevailing State Rates
E0191,,,$8.81
E0197,,,$186.77
E0199,,,$28.18
E0202,RR,,Prevailing State Rates
E0240,,,Prevailing State Rates
E0241,,,Prevailing State Rates
E0243,,,Prevailing State Rates
E0244,,,Prevailing State Rates
E0245,,,Prevailing State Rates
E0246,,,Prevailing State Rates
E0247,,,Prevailing State Rates
E0248,,,Prevailing State Rates
E0255,RR,,$89.84
E0260,,,"$1,074.16"
E0260,RR,,$107.42
E0261,RR,,$104.72
E0265,RR,,Prevailing State Rates
E0271,,,Prevailing State Rates
E0272,,,Prevailing State Rates
E0274,RR,,Prevailing State Rates
E0277,RR,,$511.05
E0294,,,"$1,030.56"
E0294,RR,,$103.06
E0301,RR,,$183.32
E0303,,,"$2,324.60"
E0303,RR,,$232.46
E0304,RR,,$558.19
E0305,,,Prevailing State Rates
E0310,,,$126.35
E0310,RR,,$12.64
E0325,,,Prevailing State Rates
E0328,,,Prevailing State Rates
E0424,QG,,$278.20
E0424,QG,RR,$278.20
E0424,RR,,$129.43
E0424,QF,,Prevailing State Rates
E0431,RR,,$21.64
E0431,RR,QF,$46.04
E0431,,,Prevailing State Rates
E0434,RR,,$36.11
E0439,RR,,$129.43
E0445,,,"$1,149.17"
E0445,RR,,$164.17
E0465,RR,,$908.79
E0465,TW,RR,$626.00
E0465,RR,TW,Prevailing State Rates
E0465,TW,,Prevailing State Rates
E0466,RR,,$908.79
E0466,TW,,Prevailing State Rates
E0467,RR,,Prevailing State Rates
E0470,,,"$1,633.59"
E0470,RR,,$163.35
E0471,,,"$4,653.00"
E0471,RR,,$465.30
E0480,,,Prevailing State Rates
E0482,,,"$4,459.40"
E0482,RR,,$445.94
E0483,,,"$11,094.39"
E0483,RR,,"$1,109.44"
E0484,,,$51.61
E0562,,,$195.80
E0562,RR,,$19.57
E0565,RR,,$51.43
E0570,,,$135.82
E0570,RR,,$13.59
E0575,,,Prevailing State Rates
E0600,,,$413.80
E0600,RR,,$41.39
E0601,,,$726.16
E0601,RR,,$72.62
E0603,,,Prevailing State Rates
E0604,,,$247.49
E0604,RR,,$24.75
E0607,,,$72.94
E0617,KF,,$427.50
E0617,,,"$4,275.00"
E0621,,,$88.99
E0630,,,$858.78
E0630,RR,,$85.87
E0635,,,"$1,482.90"
E0635,RR,,$148.29
E0636,RR,,Prevailing State Rates
E0637,,,Prevailing State Rates
E0642,,,Prevailing State Rates
E0651,,,"$1,283.19"
E0652,,,"$4,169.53"
E0652,RR,,$732.05
E0656,,,$935.00
E0657,,,$935.00
E0667,,,$295.98
E0668,,,$617.39
E0673,,,$374.67
E0676,,,Cost Invoice
E0691,,,$931.82
E0694,,,Prevailing State Rates
E0700,,,Cost Invoice
E0705,,,$50.29
E0730,,,$66.84
E0745,RR,,Prevailing State Rates
E0747,,,"$4,060.89"
E0748,,,"$4,034.59"
E0760,,,"$3,352.66"
E0776,,,$178.90
E0776,RR,,$17.89
E0784,,,"$4,373.53"
E0784,RR,,Prevailing State Rates
E0910,,,$152.95
E0910,RR,,$15.29
E0912,,,$955.30
E0912,RR,,$95.53
E0935,,,$317.80
E0935,RR,,$31.78
E0940,RR,,$23.69
E0950,,,$107.59
E0951,,,$19.65
E0952,,,$19.50
E0953,,,$83.91
E0954,,,$54.32
E0955,,,$191.11
E0955,RR,,$19.11
E0956,,,$102.01
E0957,,,$142.76
E0960,,,$94.16
E0961,,,$24.25
E0961,RR,,$2.43
E0966,,,$85.70
E0966,RR,,$8.57
E0967,,,Prevailing State Rates
E0971,,,$38.49
E0971,RR,,$3.85
E0973,,,$166.59
E0978,,,$37.56
E0978,RR,,$3.76
E0981,,,$58.20
E0982,,,$64.43
E0986,,,Prevailing State Rates
E0990,,,$89.00
E0990,RR,,$8.90
E0992,,,Prevailing State Rates
E0995,,,$37.40
E1002,,,"$3,831.21"
E1004,,,Prevailing State Rates
E1007,,,"$8,189.35"
E1010,,,"$1,361.16"
E1012,,,"$1,063.25"
E1016,,,$147.76
E1020,,,$230.08
E1028,,,$195.23
E1028,RR,,$19.52
E1031,,,$25.00
E1032,,,Prevailing State Rates
E1033,,,Prevailing State Rates
E1140,RR,,Prevailing State Rates
E1150,RR,,Prevailing State Rates
E1161,,,"$2,840.90"
E1161,RR,,$284.09
E1225,,,$494.40
E1225,RR,,$49.44
E1226,,,$502.61
E1226,RR,,$50.26
E1232,,,Prevailing State Rates
E1234,,,Prevailing State Rates
E1235,,,Prevailing State Rates
E1236,,,"$2,754.71"
E1237,,,Prevailing State Rates
E1238,,,"$1,967.65"
E1238,RR,,$196.77
E1353,RR,,$15.00
E1355,RR,,$5.00
E1356,RR,,$113.04
E1372,RR,,$16.98
E1390,,,$78.00
E1390,QF,,$233.00
E1390,QG,,$233.00
E1390,QG,RR,$233.00
E1390,RR,,$129.43
E1390,RR,QF,$93.00
E1390,RR,QG,Prevailing State Rates
E1392,,,$47.93
E1392,RR,,$37.96
E1399,,,Cost Invoice
E1399,RR,,Cost Invoice
E1594,RR,,Prevailing State Rates
E1800,RR,,$127.03
E1805,,,"$1,310.20"
E1805,RR,,$131.02
E1806,RR,,Prevailing State Rates
E1810,RR,,$129.20
E1815,,,"$1,310.24"
E1815,RR,,$131.02
E1825,RR,,Prevailing State Rates
E1830,RR,,Prevailing State Rates
E1840,RR,,Prevailing State Rates
E2000,RR,,$53.75
E2100,,,$763.84
E2102,,,$294.12
E2103,,,$323.30
E2201,,,$448.00
E2201,RR,,$44.81
E2202,RR,,$56.92
E2203,,,$575.20
E2204,,,Prevailing State Rates
E2205,,,$34.56
E2206,,,$48.04
E2207,,,$58.55
E2208,,,$103.66
E2208,RR,,$10.37
E2209,,,$109.06
E2210,,,$6.76
E2211,,,$46.93
E2212,,,Prevailing State Rates
E2213,,,$35.91
E2214,,,Prevailing State Rates
E2215,,,Prevailing State Rates
E2218,,,$62.40
E2219,,,$50.23
E2220,,,Prevailing State Rates
E2221,,,$30.16
E2222,,,$28.47
E2224,,,$117.74
E2225,,,$20.88
E2226,,,Prevailing State Rates
E2231,,,$184.52
E2291,,,Prevailing State Rates
E2298,,,Cost Invoice
E2300,,,Cost Invoice
E2301,,,Prevailing State Rates
E2310,,,"$1,392.34"
E2311,,,"$2,239.43"
E2313,,,$517.65
E2322,,,"$3,262.78"
E2323,,,$71.59
E2325,,,"$1,602.72"
E2328,,,Prevailing State Rates
E2331,,,Cost Invoice
E2359,,,$174.16
E2361,,,$141.95
E2363,,,$189.28
E2365,,,$114.16
E2366,,,$277.82
E2367,,,Prevailing State Rates
E2370,,,$955.59
E2374,,,$663.47
E2375,,,"$1,019.13"
E2376,,,"$1,597.68"
E2377,,,$459.11
E2378,,,$634.96
E2381,,,$77.72
E2383,,,$166.92
E2386,,,$153.15
E2387,,,$66.08
E2388,,,$66.64
E2389,,,$28.32
E2390,,,$57.68
E2391,,,$21.21
E2392,,,$55.76
E2394,,,$79.45
E2395,,,Prevailing State Rates
E2396,,,$69.10
E2397,,,$566.84
E2398,,,$184.32
E2402,RR,,$698.61
E2510,,,"$5,876.47"
E2512,,,"$3,135.00"
E2599,,,Cost Invoice
E2601,,,$63.29
E2602,,,$123.56
E2603,,,$137.46
E2604,,,$198.54
E2605,,,$278.56
E2607,,,$299.97
E2608,,,$360.23
E2609,,,"$1,005.96"
E2611,,,$323.26
E2612,,,Prevailing State Rates
E2613,,,$406.76
E2615,,,$468.09
E2616,,,$637.94
E2617,,,"$1,342.48"
E2619,,,$53.09
E2620,,,$566.79
E2621,,,$585.10
E2622,,,$302.18
E2623,,,Prevailing State Rates
E2624,,,$384.65
E2626,,,Prevailing State Rates
E8000,,,Prevailing State Rates
E8001,,,Prevailing State Rates
K0001,,,$543.50
K0001,RR,,$54.35
K0002,RR,,Prevailing State Rates
K0003,,,$883.13
K0003,RR,,$88.31
K0004,,,"$1,007.83"
K0004,RR,,$100.78
K0005,,,"$2,182.70"
K0006,RR,,$111.27
K0006,,,Prevailing State Rates
K0007,,,"$1,939.90"
K0007,RR,,$193.99
K0015,,,$212.62
K0017,,,$66.07
K0018,,,$37.34
K0019,,,$15.29
K0020,,,$63.26
K0037,,,Prevailing State Rates
K0038,,,$24.68
K0040,,,$75.99
K0041,,,Prevailing State Rates
K0042,,,Prevailing State Rates
K0043,,,$26.59
K0044,,,Prevailing State Rates
K0045,,,$76.88
K0047,,,Prevailing State Rates
K0052,,,Prevailing State Rates
K0053,RR,,$11.02
K0065,,,Prevailing State Rates
K0069,,,Prevailing State Rates
K0070,,,$216.32
K0071,,,Prevailing State Rates
K0072,,,$87.50
K0077,,,$69.46
K0108,,,Cost Invoice
K0108,RR,,Cost Invoice
K0195,,,$186.90
K0195,RR,,$18.69
K0462,RR,,$560.22
K0606,,,"$2,900.00"
K0606,RR,,$290.00
K0669,,,Prevailing State Rates
K0733,,,$31.26
K0738,RR,,$37.96
K0739,,,$15.89
K0800,,,"$1,013.39"
K0801,,,"$2,031.94"
K0821,,,Cost Invoice
K0822,,,Cost Invoice
K0823,,,Cost Invoice
K0823,RR,,Cost Invoice
K0824,,,"$6,102.00"
K0825,,,"$5,586.00"
K0827,,,"$8,213.71"
K0827,RR,,$821.37
K0835,,,"$3,772.35"
K0836,,,"$3,912.39"
K0837,,,Prevailing State Rates
K0838,,,"$4,135.29"
K0848,,,"$5,468.89"
K0849,,,"$6,046.69"
K0851,,,"$7,014.37"
K0856,,,"$8,218.17"
K0857,,,Prevailing State Rates
K0861,,,"$5,754.85"
K0862,,,Prevailing State Rates
L0120,,,$31.14
L0160,,,$202.92
L0172,,,$120.68
L0174,,,$254.09
L0180,,,$370.46
L0200,,,$581.97
L0456,,,$913.75
L0457,,,$742.73
L0464,,,"$1,365.63"
L0484,,,Prevailing State Rates
L0486,,,Prevailing State Rates
L0621,,,Prevailing State Rates
L0625,,,Prevailing State Rates
L0627,,,$377.66
L0630,,,Prevailing State Rates
L0631,,,$943.16
L0637,,,"$1,032.62"
L0639,,,Prevailing State Rates
L0640,,,Prevailing State Rates
L0641,,,Prevailing State Rates
L0642,,,$312.51
L0648,,,$780.46
L0650,,,$854.51
L0651,,,$845.51
L0810,,,Prevailing State Rates
L0859,,,Prevailing State Rates
L0861,,,Prevailing State Rates
L0984,,,Prevailing State Rates
L0999,,,Prevailing State Rates
L1006,,,Prevailing State Rates
L1020,,,Prevailing State Rates
L1040,,,Prevailing State Rates
L1060,,,Prevailing State Rates
L1080,,,Prevailing State Rates
L1085,,,Prevailing State Rates
L1200,,,Prevailing State Rates
L1210,,,Prevailing State Rates
L1220,,,Prevailing State Rates
L1240,,,Prevailing State Rates
L1250,,,Prevailing State Rates
L1260,,,Prevailing State Rates
L1270,,,Prevailing State Rates
L1290,,,Prevailing State Rates
L1300,,,Prevailing State Rates
L1320,,,Prevailing State Rates
L1499,,,$985.71
L1620,,,Prevailing State Rates
L1650,,,Prevailing State Rates
L1660,,,Prevailing State Rates
L1686,,,$814.14
L1812,,,$81.56
L1820,,,$102.89
L1821,,,Prevailing State Rates
L1830,,,$79.99
L1832,,,$713.46
L1833,,,$400.27
L1836,,,Prevailing State Rates
L1843,,,$824.34
L1844,,,"$2,370.26"
L1845,,,$747.11
L1846,,,"$1,125.30"
L1850,,,Prevailing State Rates
L1851,,,$692.39
L1852,,,$621.36
L1902,,,$86.15
L1904,,,$609.22
L1906,,,$105.85
L1907,,,$516.97
L1930,,,$188.69
L1932,,,$819.84
L1940,,,$467.60
L1945,,,$919.38
L1950,,,"$1,286.68"
L1951,,,$771.58
L1960,,,$487.86
L1970,,,$561.25
L1971,,,$633.89
L1980,,,$608.11
L2034,,,Prevailing State Rates
L2036,,,"$2,106.61"
L2050,,,Prevailing State Rates
L2108,,,Prevailing State Rates
L2112,,,Prevailing State Rates
L2114,,,Prevailing State Rates
L2200,,,$55.79
L2210,,,$62.02
L2220,,,$85.18
L2232,,,$117.04
L2250,,,$416.98
L2270,,,$63.02
L2275,,,$118.67
L2280,,,$399.15
L2300,,,Prevailing State Rates
L2320,,,$340.55
L2330,,,$408.88
L2340,,,$485.74
L2350,,,$884.79
L2360,,,$89.37
L2370,,,$241.43
L2385,,,Prevailing State Rates
L2387,,,Prevailing State Rates
L2390,,,Prevailing State Rates
L2395,,,$202.71
L2397,,,$116.31
L2405,,,$117.90
L2415,,,$164.25
L2425,,,Prevailing State Rates
L2430,,,Prevailing State Rates
L2600,,,Prevailing State Rates
L2620,,,$276.82
L2624,,,$291.46
L2755,,,$120.06
L2760,,,Prevailing State Rates
L2768,,,Prevailing State Rates
L2780,,,Prevailing State Rates
L2785,,,Prevailing State Rates
L2795,,,Prevailing State Rates
L2800,,,Prevailing State Rates
L2810,,,Prevailing State Rates
L2820,,,$76.43
L2830,,,$82.69
L2840,,,Prevailing State Rates
L2850,,,Prevailing State Rates
L2999,,,Cost Invoice
L3000,,,Prevailing State Rates
L3003,,,Prevailing State Rates
L3010,,,Prevailing State Rates
L3020,,,Prevailing State Rates
L3030,,,Prevailing State Rates
L3031,,,Prevailing State Rates
L3040,,,Prevailing State Rates
L3050,,,Prevailing State Rates
L3060,,,Prevailing State Rates
L3100,,,Prevailing State Rates
L3150,,,Prevailing State Rates
L3170,,,Prevailing State Rates
L3202,,,Prevailing State Rates
L3203,,,Prevailing State Rates
L3206,,,Prevailing State Rates
L3207,,,Prevailing State Rates
L3260,,,Prevailing State Rates
L3300,,,Prevailing State Rates
L3310,,,Prevailing State Rates
L3332,,,$67.75
L3350,,,Prevailing State Rates
L3540,,,Prevailing State Rates
L3650,,,Prevailing State Rates
L3660,,,$113.31
L3670,,,$101.24
L3675,,,Prevailing State Rates
L3702,,,Prevailing State Rates
L3710,,,Prevailing State Rates
L3760,,,$378.93
L3761,,,$535.20
L3762,,,Prevailing State Rates
L3766,,,Prevailing State Rates
L3806,,,Prevailing State Rates
L3807,,,$209.08
L3808,,,Prevailing State Rates
L3809,,,$171.23
L3906,,,Prevailing State Rates
L3908,,,$62.35
L3913,,,Prevailing State Rates
L3915,,,Prevailing State Rates
L3916,,,Prevailing State Rates
L3918,,,Prevailing State Rates
L3923,,,$82.34
L3924,,,$82.34
L3925,,,Prevailing State Rates
L3933,,,Prevailing State Rates
L3960,,,Prevailing State Rates
L3980,,,$266.26
L3982,,,$321.52
L3984,,,Prevailing State Rates
L3995,,,$31.26
L3999,,,Cost Invoice
L4002,,,$26.24
L4205,,,$21.25
L4210,,,$235.37
L4350,,,$86.63
L4360,,,$324.94
L4361,,,$254.48
L4386,,,Prevailing State Rates
L4387,,,$145.65
L4396,,,$151.58
L4397,,,Prevailing State Rates
L4398,,,Prevailing State Rates
L4631,,,"$1,405.45"
L5000,,,$473.78
L5020,,,Prevailing State Rates
L5050,,,"$2,527.66"
L5100,,,Prevailing State Rates
L5150,,,Prevailing State Rates
L5301,,,"$2,627.00"
L5321,,,"$4,058.29"
L5331,,,Prevailing State Rates
L5450,,,Prevailing State Rates
L5530,,,Prevailing State Rates
L5540,,,"$2,074.68"
L5585,,,Prevailing State Rates
L5590,,,"$2,369.66"
L5611,,,Prevailing State Rates
L5618,,,$292.93
L5620,,,$278.14
L5622,,,Prevailing State Rates
L5624,,,$353.18
L5626,,,Prevailing State Rates
L5629,,,$297.99
L5630,,,Prevailing State Rates
L5631,,,$412.00
L5632,,,Prevailing State Rates
L5636,,,$433.88
L5637,,,$279.16
L5643,,,Prevailing State Rates
L5645,,,$748.18
L5646,,,Prevailing State Rates
L5647,,,$745.90
L5649,,,"$1,887.15"
L5650,,,$538.14
L5651,,,"$1,126.09"
L5652,,,$408.82
L5654,,,Prevailing State Rates
L5655,,,$325.51
L5656,,,Prevailing State Rates
L5658,,,Prevailing State Rates
L5665,,,Prevailing State Rates
L5668,,,$105.21
L5670,,,$408.83
L5671,,,$621.90
L5673,,,$517.34
L5676,,,$582.69
L5678,,,$65.31
L5679,,,$559.72
L5681,,,Prevailing State Rates
L5682,,,Prevailing State Rates
L5683,,,Prevailing State Rates
L5685,,,$117.90
L5686,,,$87.99
L5688,,,Prevailing State Rates
L5692,,,$215.26
L5694,,,Prevailing State Rates
L5700,,,"$3,423.87"
L5701,,,"$4,160.74"
L5704,,,$571.80
L5705,,,Prevailing State Rates
L5706,,,Prevailing State Rates
L5707,,,Prevailing State Rates
L5781,,,Prevailing State Rates
L5783,,,"$3,551.55"
L5785,,,$856.68
L5812,,,$871.22
L5814,,,"$3,418.73"
L5828,,,"$3,389.41"
L5845,,,"$1,649.93"
L5848,,,"$1,267.04"
L5850,,,$119.95
L5856,,,"$18,509.00"
L5910,,,$339.61
L5920,,,$497.54
L5925,,,$408.96
L5926,,,Prevailing State Rates
L5940,,,$584.79
L5950,,,$840.58
L5960,,,Prevailing State Rates
L5962,,,"$1,081.75"
L5964,,,"$1,557.27"
L5968,,,"$3,345.14"
L5971,,,Prevailing State Rates
L5972,,,$367.58
L5973,,,Prevailing State Rates
L5974,,,$428.87
L5975,,,$628.16
L5980,,,Prevailing State Rates
L5981,,,"$2,365.71"
L5984,,,$677.39
L5986,,,$716.96
L5987,,,Prevailing State Rates
L5988,,,Prevailing State Rates
L5990,,,Prevailing State Rates
L5999,,,Cost Invoice
L6110,,,Prevailing State Rates
L6200,,,Prevailing State Rates
L6205,,,Prevailing State Rates
L6605,,,Prevailing State Rates
L6615,,,Prevailing State Rates
L6620,,,Prevailing State Rates
L6686,,,Prevailing State Rates
L6688,,,Prevailing State Rates
L6692,,,Prevailing State Rates
L6698,,,Prevailing State Rates
L6704,,,Prevailing State Rates
L6721,,,Prevailing State Rates
L6805,,,Prevailing State Rates
L6890,,,Prevailing State Rates
L7368,,,Prevailing State Rates
L7400,,,Prevailing State Rates
L7401,,,Prevailing State Rates
L7403,,,Prevailing State Rates
L7404,,,Prevailing State Rates
L7499,,,Cost Invoice
L7510,,,$235.37
L7520,,,$33.77
L7700,,,Prevailing State Rates
L8000,,,$38.70
L8001,,,$169.98
L8002,,,Prevailing State Rates
L8010,,,Cost Invoice
L8015,,,$84.36
L8020,,,$225.91
L8030,,,$295.82
L8031,,,$435.45
L8032,,,$55.13
L8035,,,Prevailing State Rates
L8400,,,$17.41
L8410,,,Prevailing State Rates
L8417,,,$69.23
L8420,,,$18.81
L8430,,,$21.48
L8440,,,$39.22
L8460,,,$81.83
L8470,,,$6.26
L8480,,,$11.51
L8500,,,Prevailing State Rates
L8501,,,$107.61
L8615,,,Prevailing State Rates
L8616,,,Prevailing State Rates
L8618,,,$35.51
L8619,,,"$11,131.45"
L8623,,,Prevailing State Rates
L8624,,,$218.52
L8629,,,$242.60
L8681,,,"$1,489.04"
L8691,,,"$2,333.52"
L8692,,,Prevailing State Rates
L8694,,,"$1,279.64"
L9900,,,Cost Invoice
S1040,,,Prevailing State Rates
S8120,,,Prevailing State Rates
T4521,,,Prevailing State Rates
T4522,,,Prevailing State Rates
T4523,,,Prevailing State Rates
T4524,,,Prevailing State Rates
T4525,,,Prevailing State Rates
T4526,,,Prevailing State Rates
T4527,,,Prevailing State Rates
T4528,,,Prevailing State Rates
T4530,,,Prevailing State Rates
T4531,,,Prevailing State Rates
T4532,,,Prevailing State Rates
T4534,,,Prevailing State Rates
T4535,,,Prevailing State Rates
T4536,,,Prevailing State Rates
T4537,,,Prevailing State Rates
T4541,,,Prevailing State Rates
T4543,,,Prevailing State Rates
