HCPCS,Mod 1,Mod 2,Medicaid
A4206,,,$0.32
A4215,,,$0.22
A4216,,,$0.42
A4217,AU,,$4.38
A4217,,,$3.42
A4224,,,$21.74
A4225,,,$2.73
A4230,,,$15.29
A4231,,,$15.29
A4232,,,Prevailing State Rates
A4233,,,$0.71
A4235,,,$2.08
A4238,KF,,$317.65
A4238,,,$261.95
A4239,,,$293.26
A4245,,,$2.86
A4247,,,$6.50
A4252,,,$10.14
A4253,,,$32.78
A4253,KL,,$38.56
A4256,,,$10.15
A4258,,,$2.12
A4259,,,$11.04
A4281,,,Prevailing State Rates
A4282,,,Prevailing State Rates
A4283,,,Prevailing State Rates
A4284,,,Prevailing State Rates
A4285,,,Prevailing State Rates
A4286,,,Prevailing State Rates
A4287,,,Prevailing State Rates
A4310,,,$7.17
A4314,,,Prevailing State Rates
A4315,,,$24.47
A4320,,,$5.83
A4322,,,$2.99
A4326,,,$11.32
A4331,,,$3.47
A4332,,,$0.12
A4333,,,$2.42
A4334,,,$5.37
A4335,,,Cost Invoice
A4338,,,$13.39
A4340,,,$34.66
A4344,,,$17.47
A4346,,,$21.38
A4349,,,$2.19
A4351,,,$1.20
A4352,,,$4.62
A4353,,,$5.04
A4354,,,Prevailing State Rates
A4356,,,$46.32
A4357,,,$10.60
A4358,,,$6.38
A4361,,,Prevailing State Rates
A4362,,,$3.22
A4363,,,$2.58
A4364,,,$3.21
A4366,,,$1.41
A4367,,,$8.03
A4369,,,$2.25
A4371,,,$3.92
A4373,,,Prevailing State Rates
A4385,,,$5.56
A4388,,,$4.76
A4389,,,$6.78
A4390,,,$10.48
A4391,,,$7.71
A4392,,,Prevailing State Rates
A4393,,,$9.86
A4394,,,$2.83
A4395,,,Prevailing State Rates
A4396,,,$44.18
A4398,,,$15.09
A4399,,,$13.39
A4402,,,$1.74
A4404,,,$1.56
A4405,,,$3.73
A4406,,,$6.25
A4407,,,$9.56
A4408,,,$10.78
A4409,,,$6.78
A4410,,,$9.86
A4411,,,$5.56
A4412,,,$2.95
A4413,,,$6.02
A4414,,,$5.37
A4416,,,$3.01
A4417,,,$4.07
A4419,,,$1.88
A4422,,,$0.12
A4423,,,$2.02
A4424,,,$5.19
A4425,,,$3.90
A4426,,,$2.98
A4427,,,$3.05
A4428,,,$7.12
A4430,,,Prevailing State Rates
A4432,,,$3.91
A4433,,,Prevailing State Rates
A4437,,,Prevailing State Rates
A4450,AW,,Prevailing State Rates
A4450,,,$0.10
A4452,AW,,Prevailing State Rates
A4452,,,$0.32
A4453,,,Prevailing State Rates
A4455,,,$1.55
A4456,,,$0.26
A4459,,,Prevailing State Rates
A4467,,,Prevailing State Rates
A4481,,,$0.40
A4483,,,$6.03
A4520,,,$0.63
A4556,,,Prevailing State Rates
A4557,,,Prevailing State Rates
A4559,,,Prevailing State Rates
A4565,,,Prevailing State Rates
A4570,,,Cost Invoice
A4595,,,Prevailing State Rates
A4604,,,$43.54
A4605,,,$17.90
A4606,,,$130.32
A4614,,,Prevailing State Rates
A4618,,,$7.44
A4623,,,$6.09
A4624,,,$2.74
A4627,,,Prevailing State Rates
A4628,,,$3.78
A4629,,,$5.05
A4640,,,$52.92
A4649,,,Cost Invoice
A4670,,,$52.38
A4927,,,$9.52
A4930,,,$1.90
A5054,,,$1.96
A5055,,,$1.57
A5056,,,$5.10
A5057,,,$10.48
A5061,,,$3.86
A5063,,,$2.95
A5081,,,$3.07
A5093,,,Prevailing State Rates
A5102,,,Prevailing State Rates
A5112,,,Prevailing State Rates
A5114,,,$8.30
A5120,,,$0.21
A5120,AU,,Prevailing State Rates
A5121,,,$8.14
A5131,,,$14.71
A5200,,,$12.33
A5500,,,$53.89
A5501,,,$208.18
A5503,,,$35.40
A5504,,,Prevailing State Rates
A5512,,,$25.66
A5513,,,$42.25
A5514,,,$42.51
A6010,,,Prevailing State Rates
A6021,,,$22.95
A6022,,,$22.95
A6023,,,$207.74
A6196,,,$8.03
A6197,,,$11.86
A6199,,,$5.76
A6203,,,Prevailing State Rates
A6206,,,Prevailing State Rates
A6207,,,$8.02
A6209,,,$8.16
A6210,,,$21.75
A6211,,,$19.26
A6212,,,$10.60
A6213,,,$14.67
A6215,,,Prevailing State Rates
A6216,,,$0.04
A6217,,,$0.34
A6218,,,Prevailing State Rates
A6219,,,$1.04
A6220,,,Prevailing State Rates
A6222,,,$2.33
A6223,,,$2.65
A6229,,,$5.03
A6231,,,Prevailing State Rates
A6234,,,$7.15
A6235,,,Prevailing State Rates
A6237,,,Prevailing State Rates
A6238,,,$24.89
A6240,,,$13.37
A6242,,,$6.61
A6245,,,Prevailing State Rates
A6248,,,$17.74
A6250,,,$15.25
A6251,,,$2.17
A6252,,,$3.55
A6253,,,$6.91
A6257,,,$1.67
A6258,,,$4.70
A6259,,,Prevailing State Rates
A6260,,,$8.40
A6261,,,Cost Invoice
A6266,,,$2.09
A6402,,,$0.12
A6403,,,$0.45
A6407,,,$2.04
A6441,,,$0.74
A6443,,,$0.30
A6445,,,$0.34
A6446,,,$0.42
A6448,,,$1.26
A6449,,,$1.91
A6450,,,$2.45
A6452,,,$6.44
A6453,,,Prevailing State Rates
A6454,,,$0.86
A6456,,,Prevailing State Rates
A6457,,,$1.24
A6504,,,Prevailing State Rates
A6516,,,$333.10
A6522,,,$239.93
A6523,,,$569.25
A6524,,,Prevailing State Rates
A6525,,,Prevailing State Rates
A6526,,,$541.18
A6528,,,Prevailing State Rates
A6530,,,$29.54
A6531,,,$47.22
A6532,AW,,Prevailing State Rates
A6533,,,$41.49
A6534,,,$47.38
A6537,,,Prevailing State Rates
A6539,,,$107.63
A6540,,,Prevailing State Rates
A6545,AW,,Prevailing State Rates
A6545,,,$77.78
A6549,,,Cost Invoice
A6550,,,$25.64
A6552,,,$45.27
A6553,,,Prevailing State Rates
A6556,,,$242.26
A6557,,,$242.26
A6558,,,Prevailing State Rates
A6559,,,Cost Invoice
A6562,,,$792.86
A6563,,,Prevailing State Rates
A6564,,,Prevailing State Rates
A6565,,,Prevailing State Rates
A6566,,,Prevailing State Rates
A6568,,,$129.82
A6572,,,Prevailing State Rates
A6576,,,Prevailing State Rates
A6577,,,Prevailing State Rates
A6578,,,$69.12
A6581,,,$56.99
A6582,,,$38.01
A6583,,,$125.04
A6584,,,Cost Invoice
A6585,,,$148.05
A6586,,,$436.18
A6587,,,$57.13
A6588,,,$190.43
A6589,,,Prevailing State Rates
A6593,,,Cost Invoice
A6610,,,$176.77
A7000,,,$8.73
A7002,,,$3.97
A7003,,,$2.32
A7004,,,Prevailing State Rates
A7005,,,$25.99
A7007,,,$4.02
A7010,,,$19.88
A7012,,,$3.28
A7013,,,$0.70
A7014,,,$3.84
A7015,,,$1.59
A7020,,,$14.54
A7027,,,Prevailing State Rates
A7030,,,$122.62
A7031,,,$45.35
A7032,,,$26.34
A7033,,,$18.46
A7034,,,$76.46
A7035,,,$25.83
A7036,,,$11.82
A7037,,,$26.66
A7038,,,$3.51
A7039,,,$9.96
A7045,,,Prevailing State Rates
A7046,,,$13.50
A7048,,,$57.71
A7507,,,$2.73
A7508,,,Prevailing State Rates
A7509,,,$1.54
A7520,,,$51.82
A7521,,,$51.35
A7523,,,Prevailing State Rates
A7525,,,$2.25
A7526,,,$3.70
A8001,,,$167.41
A9270,,,Cost Invoice
A9274,,,Prevailing State Rates
A9282,,,Prevailing State Rates
A9284,,,$4.08
A9900,,,Cost Invoice
A9999,,,Cost Invoice
B4034,,,$5.94
B4035,,,$7.33
B4036,,,$7.75
B4081,,,$21.00
B4082,,,Prevailing State Rates
B4087,,,$33.70
B4088,,,$79.92
B4100,BO,,$3.91
B4100,,,Cost Invoice
B4102,BO,,$10.36
B4102,,,$10.36
B4103,BO,,$9.83
B4103,,,$13.18
B4105,,,Prevailing State Rates
B4149,,,$1.50
B4150,,,$0.46
B4150,BO,,$0.82
B4152,BO,,$0.71
B4152,,,$0.38
B4153,,,$1.54
B4154,,,$0.81
B4154,BO,,$1.53
B4155,,,$0.90
B4155,BO,,$1.18
B4158,BO,,$7.45
B4158,,,$0.75
B4160,BO,,$1.69
B4160,,,$0.75
B4161,BO,,$8.74
B4161,,,$2.16
B4161,BA,,Prevailing State Rates
B4162,,,Cost Invoice
B9002,,,$302.94
B9002,RR,,$115.34
B9998,,,Cost Invoice
E0100,,,$21.49
E0105,,,$50.52
E0110,,,$80.47
E0114,,,$48.93
E0118,,,$444.71
E0118,RR,,$44.47
E0130,,,Prevailing State Rates
E0135,,,$60.53
E0140,,,Prevailing State Rates
E0141,,,Prevailing State Rates
E0143,,,$87.34
E0147,,,$448.00
E0148,,,Prevailing State Rates
E0149,,,$162.16
E0149,RR,,$16.22
E0154,,,$54.43
E0155,,,$23.07
E0156,,,$19.20
E0163,,,$89.78
E0165,,,$156.66
E0165,RR,,$15.67
E0167,,,Prevailing State Rates
E0168,,,$132.75
E0168,RR,,$13.28
E0181,,,$219.64
E0181,RR,,$21.96
E0184,,,$168.92
E0184,RR,,$16.89
E0185,,,$269.60
E0188,,,Prevailing State Rates
E0189,,,Prevailing State Rates
E0190,,,$43.93
E0191,,,Prevailing State Rates
E0197,,,$186.77
E0199,,,$28.18
E0202,RR,,$55.20
E0240,,,$172.27
E0241,,,$28.57
E0243,,,$31.23
E0244,,,$29.59
E0245,,,$143.56
E0246,,,$52.79
E0247,,,$143.56
E0248,,,$213.79
E0255,RR,,$89.84
E0260,,,$974.30
E0260,RR,,$97.43
E0261,RR,,$123.20
E0265,RR,,$179.17
E0271,,,$169.80
E0272,,,$151.04
E0274,RR,,$19.06
E0277,RR,,$511.05
E0294,,,$999.13
E0294,RR,,$99.91
E0301,RR,,Prevailing State Rates
E0303,,,"$2,324.60"
E0303,RR,,$232.46
E0304,RR,,$589.35
E0305,,,$124.37
E0310,,,$173.50
E0310,RR,,$17.35
E0325,,,Prevailing State Rates
E0328,,,Prevailing State Rates
E0424,QG,,Prevailing State Rates
E0424,QG,RR,Prevailing State Rates
E0424,RR,,$129.43
E0424,QF,,Prevailing State Rates
E0431,RR,,$21.64
E0431,RR,QF,$46.04
E0431,,,Prevailing State Rates
E0434,RR,,$36.11
E0439,RR,,$129.43
E0445,,,"$1,149.17"
E0445,RR,,$164.17
E0465,RR,,$908.79
E0465,TW,RR,$835.66
E0465,RR,TW,$770.14
E0465,TW,,"$1,004.95"
E0466,RR,,$908.79
E0466,TW,,Prevailing State Rates
E0467,RR,,Prevailing State Rates
E0470,,,"$1,633.59"
E0470,RR,,$163.35
E0471,,,"$3,335.40"
E0471,RR,,$333.54
E0480,,,Prevailing State Rates
E0482,,,"$4,459.40"
E0482,RR,,$445.94
E0483,,,"$11,094.39"
E0483,RR,,"$1,109.44"
E0484,,,$51.61
E0562,,,$195.80
E0562,RR,,$19.57
E0565,RR,,$51.43
E0570,,,$135.82
E0570,RR,,$13.59
E0575,,,$15.80
E0600,,,$413.92
E0600,RR,,$41.39
E0601,,,$726.16
E0601,RR,,$72.62
E0603,,,$191.68
E0604,,,$776.50
E0604,RR,,$77.65
E0607,,,$72.94
E0617,KF,,$427.50
E0617,,,"$4,275.00"
E0621,,,$88.99
E0630,,,$858.71
E0630,RR,,$85.87
E0635,,,"$1,482.90"
E0635,RR,,$148.29
E0636,RR,,Prevailing State Rates
E0637,,,"$2,358.51"
E0642,,,Prevailing State Rates
E0651,,,"$1,283.19"
E0652,,,"$3,628.87"
E0652,RR,,Prevailing State Rates
E0656,,,"$1,100.00"
E0657,,,Prevailing State Rates
E0667,,,$295.98
E0668,,,Prevailing State Rates
E0673,,,Prevailing State Rates
E0676,,,Cost Invoice
E0691,,,$931.82
E0694,,,Prevailing State Rates
E0700,,,Cost Invoice
E0705,,,$50.29
E0730,,,$66.84
E0745,RR,,Prevailing State Rates
E0747,,,"$4,060.89"
E0748,,,"$4,034.59"
E0760,,,Prevailing State Rates
E0776,,,$178.90
E0776,RR,,$17.89
E0784,,,"$4,373.53"
E0784,RR,,Prevailing State Rates
E0910,,,$152.90
E0910,RR,,$15.29
E0912,,,"$1,221.00"
E0912,RR,,$122.10
E0935,,,$317.80
E0935,RR,,$31.78
E0940,RR,,$26.59
E0950,,,$479.68
E0951,,,$18.77
E0952,,,Prevailing State Rates
E0953,,,$235.08
E0954,,,$54.32
E0955,,,$292.88
E0955,RR,,$29.29
E0956,,,$103.54
E0957,,,$142.76
E0960,,,$94.16
E0961,,,$29.83
E0961,RR,,$2.98
E0966,,,$85.70
E0966,RR,,$8.46
E0967,,,$77.55
E0971,,,$53.89
E0971,RR,,$5.39
E0973,,,$113.88
E0978,,,$35.74
E0978,RR,,$3.57
E0981,,,$48.78
E0982,,,$53.32
E0986,,,"$13,363.98"
E0990,,,$89.00
E0990,RR,,$8.90
E0992,,,Prevailing State Rates
E0995,,,$31.45
E1002,,,"$4,888.59"
E1004,,,Prevailing State Rates
E1007,,,"$8,141.66"
E1010,,,Prevailing State Rates
E1012,,,"$5,798.31"
E1016,,,$135.91
E1020,,,$230.08
E1028,,,$299.18
E1028,RR,,$29.92
E1031,,,Prevailing State Rates
E1032,,,$833.77
E1033,,,$601.18
E1140,RR,,Prevailing State Rates
E1150,RR,,Prevailing State Rates
E1161,,,"$3,977.26"
E1161,RR,,$397.73
E1225,,,$429.91
E1225,RR,,$42.99
E1226,,,$498.30
E1226,RR,,$49.83
E1232,,,Prevailing State Rates
E1234,,,Prevailing State Rates
E1235,,,"$2,230.23"
E1236,,,"$1,822.33"
E1237,,,"$1,984.76"
E1238,,,"$1,967.65"
E1238,RR,,$196.77
E1353,RR,,Prevailing State Rates
E1355,RR,,$5.88
E1356,RR,,$145.73
E1372,RR,,$16.98
E1390,,,$91.76
E1390,QF,,Prevailing State Rates
E1390,QG,,Prevailing State Rates
E1390,QG,RR,Prevailing State Rates
E1390,RR,,$129.43
E1390,RR,QF,$130.00
E1390,RR,QG,$130.00
E1392,,,Prevailing State Rates
E1392,RR,,$37.96
E1399,,,Cost Invoice
E1399,RR,,Cost Invoice
E1594,RR,,Prevailing State Rates
E1800,RR,,$127.03
E1805,,,"$1,310.24"
E1805,RR,,$131.02
E1806,RR,,Prevailing State Rates
E1810,RR,,Prevailing State Rates
E1815,,,"$1,379.20"
E1815,RR,,$137.92
E1825,RR,,Prevailing State Rates
E1830,RR,,Prevailing State Rates
E1840,RR,,Prevailing State Rates
E2000,RR,,$53.75
E2100,,,Prevailing State Rates
E2102,,,$293.26
E2103,,,$323.30
E2201,,,$627.34
E2201,RR,,$62.73
E2202,RR,,$56.92
E2203,,,$805.28
E2204,,,Prevailing State Rates
E2205,,,$34.56
E2206,,,$48.04
E2207,,,$45.75
E2208,,,$98.75
E2208,RR,,$9.88
E2209,,,$109.06
E2210,,,$6.76
E2211,,,$65.70
E2212,,,Prevailing State Rates
E2213,,,$35.91
E2214,,,Prevailing State Rates
E2215,,,Prevailing State Rates
E2218,,,$141.43
E2219,,,$50.23
E2220,,,$26.41
E2221,,,$30.16
E2222,,,$25.30
E2224,,,$117.74
E2225,,,$20.88
E2226,,,Prevailing State Rates
E2231,,,$176.15
E2291,,,Prevailing State Rates
E2298,,,"$7,630.57"
E2300,,,Prevailing State Rates
E2301,,,Cost Invoice
E2310,,,"$1,695.02"
E2311,,,"$2,225.35"
E2313,,,$993.59
E2322,,,"$2,837.20"
E2323,,,$71.59
E2325,,,Prevailing State Rates
E2328,,,Prevailing State Rates
E2331,,,Cost Invoice
E2359,,,$174.16
E2361,,,$126.34
E2363,,,$204.12
E2365,,,$101.61
E2366,,,$248.72
E2367,,,Prevailing State Rates
E2370,,,"$1,163.33"
E2374,,,$774.05
E2375,,,$846.31
E2376,,,"$1,389.29"
E2377,,,"$1,454.27"
E2378,,,$552.14
E2381,,,$74.00
E2383,,,Prevailing State Rates
E2386,,,$214.41
E2387,,,Prevailing State Rates
E2388,,,$52.13
E2389,,,$28.32
E2390,,,$44.29
E2391,,,$21.21
E2392,,,$53.22
E2394,,,$111.23
E2395,,,$56.45
E2396,,,$68.81
E2397,,,$492.90
E2398,,,Prevailing State Rates
E2402,RR,,$771.28
E2510,,,"$5,876.47"
E2512,,,"$3,135.00"
E2599,,,Cost Invoice
E2601,,,$604.36
E2602,,,$123.56
E2603,,,$156.87
E2604,,,$195.00
E2605,,,$278.56
E2607,,,$285.85
E2608,,,Prevailing State Rates
E2609,,,Cost Invoice
E2611,,,"$1,187.78"
E2612,,,$437.28
E2613,,,$406.76
E2615,,,$655.33
E2616,,,$629.82
E2617,,,$821.45
E2619,,,$53.09
E2620,,,$540.12
E2621,,,Prevailing State Rates
E2622,,,$302.18
E2623,,,Prevailing State Rates
E2624,,,$248.68
E2626,,,$678.01
E8000,,,Prevailing State Rates
E8001,,,"$2,009.34"
K0001,,,$372.10
K0001,RR,,$37.21
K0002,RR,,Prevailing State Rates
K0003,,,$556.50
K0003,RR,,$55.65
K0004,,,"$1,074.44"
K0004,RR,,$107.44
K0005,,,"$2,116.96"
K0006,RR,,$88.31
K0006,,,Prevailing State Rates
K0007,,,"$1,613.90"
K0007,RR,,$161.39
K0015,,,$184.89
K0017,,,$52.01
K0018,,,$29.08
K0019,,,$15.29
K0020,,,$47.27
K0037,,,$49.84
K0038,,,$24.68
K0040,,,$72.52
K0041,,,$53.88
K0042,,,$29.14
K0043,,,$19.87
K0044,,,$16.95
K0045,,,Prevailing State Rates
K0047,,,$77.80
K0052,,,$94.07
K0053,RR,,$10.38
K0065,,,Prevailing State Rates
K0069,,,$117.93
K0070,,,$216.32
K0071,,,$128.96
K0072,,,$72.96
K0077,,,$69.46
K0108,,,Cost Invoice
K0108,RR,,Cost Invoice
K0195,,,$171.53
K0195,RR,,$17.15
K0462,RR,,$560.22
K0606,,,"$2,900.00"
K0606,RR,,$290.00
K0669,,,Prevailing State Rates
K0733,,,$80.62
K0738,RR,,$37.96
K0739,,,$15.89
K0800,,,"$1,013.39"
K0801,,,"$1,729.74"
K0821,,,"$2,286.10"
K0822,,,"$4,882.35"
K0823,,,"$2,823.53"
K0823,RR,,$282.35
K0824,,,Prevailing State Rates
K0825,,,"$6,571.76"
K0827,,,"$8,213.71"
K0827,RR,,$821.37
K0835,,,"$3,102.81"
K0836,,,"$3,217.79"
K0837,,,Prevailing State Rates
K0838,,,"$3,595.90"
K0848,,,"$5,468.89"
K0849,,,"$4,995.09"
K0851,,,Prevailing State Rates
K0856,,,"$6,810.67"
K0857,,,Prevailing State Rates
K0861,,,"$5,242.50"
K0862,,,"$6,503.19"
L0120,,,$31.14
L0160,,,Prevailing State Rates
L0172,,,$120.68
L0174,,,$254.09
L0180,,,$370.46
L0200,,,$581.97
L0456,,,$913.75
L0457,,,$742.73
L0464,,,"$1,365.63"
L0484,,,Prevailing State Rates
L0486,,,Prevailing State Rates
L0621,,,$86.45
L0625,,,Prevailing State Rates
L0627,,,$377.66
L0630,,,Prevailing State Rates
L0631,,,$943.16
L0637,,,"$1,032.62"
L0639,,,Prevailing State Rates
L0640,,,$961.39
L0641,,,Prevailing State Rates
L0642,,,$312.51
L0648,,,$780.46
L0650,,,$854.51
L0651,,,$845.51
L0810,,,Prevailing State Rates
L0859,,,Prevailing State Rates
L0861,,,Prevailing State Rates
L0984,,,$60.18
L0999,,,Prevailing State Rates
L1006,,,"$1,283.42"
L1020,,,Prevailing State Rates
L1040,,,Prevailing State Rates
L1060,,,Prevailing State Rates
L1080,,,Prevailing State Rates
L1085,,,Prevailing State Rates
L1200,,,"$1,838.71"
L1210,,,$230.30
L1220,,,Prevailing State Rates
L1240,,,$73.04
L1250,,,Prevailing State Rates
L1260,,,Prevailing State Rates
L1270,,,Prevailing State Rates
L1290,,,$70.66
L1300,,,"$1,486.81"
L1320,,,Prevailing State Rates
L1499,,,Prevailing State Rates
L1620,,,$124.24
L1650,,,Prevailing State Rates
L1660,,,$163.23
L1686,,,Prevailing State Rates
L1812,,,$81.56
L1820,,,$71.17
L1821,,,$162.52
L1830,,,$79.99
L1832,,,$535.10
L1833,,,$400.27
L1836,,,$99.67
L1843,,,$824.34
L1844,,,Prevailing State Rates
L1845,,,$747.11
L1846,,,"$1,125.30"
L1850,,,Prevailing State Rates
L1851,,,$692.39
L1852,,,$621.36
L1902,,,$86.15
L1904,,,Prevailing State Rates
L1906,,,Prevailing State Rates
L1907,,,$516.97
L1930,,,$188.69
L1932,,,Prevailing State Rates
L1940,,,$467.60
L1945,,,Prevailing State Rates
L1950,,,Prevailing State Rates
L1951,,,$771.58
L1960,,,$487.86
L1970,,,$549.02
L1971,,,Prevailing State Rates
L1980,,,Prevailing State Rates
L2034,,,Prevailing State Rates
L2036,,,"$2,106.61"
L2050,,,$425.22
L2108,,,"$1,054.73"
L2112,,,Prevailing State Rates
L2114,,,Prevailing State Rates
L2200,,,$55.79
L2210,,,$62.02
L2220,,,$85.18
L2232,,,Prevailing State Rates
L2250,,,Prevailing State Rates
L2270,,,$63.02
L2275,,,$107.68
L2280,,,$399.15
L2300,,,$295.46
L2320,,,$231.35
L2330,,,$408.88
L2340,,,$485.74
L2350,,,Prevailing State Rates
L2360,,,$60.71
L2370,,,$241.43
L2385,,,Prevailing State Rates
L2387,,,Prevailing State Rates
L2390,,,Prevailing State Rates
L2395,,,Prevailing State Rates
L2397,,,$116.31
L2405,,,$80.10
L2415,,,$111.58
L2425,,,$131.69
L2430,,,$131.69
L2600,,,$209.39
L2620,,,Prevailing State Rates
L2624,,,Prevailing State Rates
L2755,,,$120.06
L2760,,,$54.62
L2768,,,$119.69
L2780,,,$101.66
L2785,,,Prevailing State Rates
L2795,,,Prevailing State Rates
L2800,,,Prevailing State Rates
L2810,,,$68.74
L2820,,,$76.43
L2830,,,$82.69
L2840,,,$38.46
L2850,,,Prevailing State Rates
L2999,,,Cost Invoice
L3000,,,Prevailing State Rates
L3003,,,Prevailing State Rates
L3010,,,Prevailing State Rates
L3020,,,$165.18
L3030,,,Prevailing State Rates
L3031,,,Prevailing State Rates
L3040,,,Prevailing State Rates
L3050,,,Prevailing State Rates
L3060,,,Prevailing State Rates
L3100,,,Prevailing State Rates
L3150,,,$74.78
L3170,,,Prevailing State Rates
L3202,,,Prevailing State Rates
L3203,,,Prevailing State Rates
L3206,,,Prevailing State Rates
L3207,,,Prevailing State Rates
L3260,,,$117.66
L3300,,,$47.90
L3310,,,$74.78
L3332,,,$67.75
L3350,,,Prevailing State Rates
L3540,,,$46.75
L3650,,,$54.45
L3660,,,$113.31
L3670,,,$101.24
L3675,,,$187.82
L3702,,,Prevailing State Rates
L3710,,,Prevailing State Rates
L3760,,,$418.13
L3761,,,Prevailing State Rates
L3762,,,Prevailing State Rates
L3766,,,Prevailing State Rates
L3806,,,Prevailing State Rates
L3807,,,$120.48
L3808,,,$301.30
L3809,,,$117.20
L3906,,,$356.92
L3908,,,$62.35
L3913,,,Prevailing State Rates
L3915,,,$444.46
L3916,,,Prevailing State Rates
L3918,,,Prevailing State Rates
L3923,,,Prevailing State Rates
L3924,,,$82.34
L3925,,,Prevailing State Rates
L3933,,,Prevailing State Rates
L3960,,,Prevailing State Rates
L3980,,,$266.26
L3982,,,Prevailing State Rates
L3984,,,$309.41
L3995,,,Prevailing State Rates
L3999,,,Cost Invoice
L4002,,,$4.11
L4205,,,$21.25
L4210,,,Prevailing State Rates
L4350,,,$86.63
L4360,,,$324.94
L4361,,,$182.15
L4386,,,Prevailing State Rates
L4387,,,$145.65
L4396,,,$151.58
L4397,,,$151.58
L4398,,,Prevailing State Rates
L4631,,,Prevailing State Rates
L5000,,,$440.62
L5020,,,"$2,117.09"
L5050,,,Prevailing State Rates
L5100,,,Prevailing State Rates
L5150,,,Prevailing State Rates
L5301,,,"$1,648.25"
L5321,,,"$3,855.38"
L5331,,,Prevailing State Rates
L5450,,,Prevailing State Rates
L5530,,,"$1,881.78"
L5540,,,"$1,929.45"
L5585,,,Prevailing State Rates
L5590,,,"$2,203.78"
L5611,,,Prevailing State Rates
L5618,,,Prevailing State Rates
L5620,,,$258.67
L5622,,,Prevailing State Rates
L5624,,,$328.46
L5626,,,Prevailing State Rates
L5629,,,$277.13
L5630,,,Prevailing State Rates
L5631,,,$383.16
L5632,,,Prevailing State Rates
L5636,,,Prevailing State Rates
L5637,,,$259.62
L5643,,,"$1,675.43"
L5645,,,$518.87
L5646,,,Prevailing State Rates
L5647,,,$693.69
L5649,,,"$1,792.79"
L5650,,,$500.47
L5651,,,"$1,047.26"
L5652,,,$380.20
L5654,,,Prevailing State Rates
L5655,,,Prevailing State Rates
L5656,,,Prevailing State Rates
L5658,,,Prevailing State Rates
L5665,,,Prevailing State Rates
L5668,,,Prevailing State Rates
L5670,,,$258.30
L5671,,,$578.37
L5673,,,$478.28
L5676,,,Prevailing State Rates
L5678,,,Prevailing State Rates
L5679,,,$520.54
L5681,,,"$1,210.86"
L5682,,,Prevailing State Rates
L5683,,,Prevailing State Rates
L5685,,,$109.65
L5686,,,Prevailing State Rates
L5688,,,Prevailing State Rates
L5692,,,$146.23
L5694,,,Prevailing State Rates
L5700,,,"$2,100.00"
L5701,,,"$3,869.49"
L5704,,,$531.77
L5705,,,Prevailing State Rates
L5706,,,$930.40
L5707,,,Prevailing State Rates
L5781,,,Prevailing State Rates
L5783,,,"$3,088.30"
L5785,,,$581.98
L5812,,,Prevailing State Rates
L5814,,,Prevailing State Rates
L5828,,,"$3,389.41"
L5845,,,"$1,534.43"
L5848,,,"$1,267.04"
L5850,,,$111.55
L5856,,,"$28,285.52"
L5910,,,$315.84
L5920,,,$462.71
L5925,,,Prevailing State Rates
L5926,,,Prevailing State Rates
L5940,,,$543.85
L5950,,,$781.74
L5960,,,Prevailing State Rates
L5962,,,Prevailing State Rates
L5964,,,Prevailing State Rates
L5968,,,"$3,110.98"
L5971,,,Prevailing State Rates
L5972,,,$341.85
L5973,,,Prevailing State Rates
L5974,,,Prevailing State Rates
L5975,,,Prevailing State Rates
L5980,,,Prevailing State Rates
L5981,,,"$2,487.95"
L5984,,,$629.97
L5986,,,$666.77
L5987,,,"$6,158.50"
L5988,,,Prevailing State Rates
L5990,,,"$1,670.05"
L5999,,,Cost Invoice
L6110,,,Prevailing State Rates
L6200,,,Prevailing State Rates
L6205,,,Prevailing State Rates
L6605,,,Prevailing State Rates
L6615,,,Prevailing State Rates
L6620,,,Prevailing State Rates
L6686,,,Prevailing State Rates
L6688,,,Prevailing State Rates
L6692,,,Prevailing State Rates
L6698,,,Prevailing State Rates
L6704,,,Prevailing State Rates
L6721,,,Prevailing State Rates
L6805,,,Prevailing State Rates
L6890,,,Prevailing State Rates
L7368,,,$594.67
L7400,,,Prevailing State Rates
L7401,,,Prevailing State Rates
L7403,,,Prevailing State Rates
L7404,,,Prevailing State Rates
L7499,,,Cost Invoice
L7510,,,$218.89
L7520,,,$38.63
L7700,,,$154.92
L8000,,,$35.99
L8001,,,Prevailing State Rates
L8002,,,Prevailing State Rates
L8010,,,Prevailing State Rates
L8015,,,$57.31
L8020,,,$225.91
L8030,,,$275.11
L8031,,,Prevailing State Rates
L8032,,,Prevailing State Rates
L8035,,,Prevailing State Rates
L8400,,,$16.19
L8410,,,$23.08
L8417,,,$64.38
L8420,,,$17.49
L8430,,,$19.98
L8440,,,$36.47
L8460,,,$76.10
L8470,,,$5.82
L8480,,,$10.70
L8500,,,Prevailing State Rates
L8501,,,$107.61
L8615,,,Prevailing State Rates
L8616,,,Prevailing State Rates
L8618,,,Prevailing State Rates
L8619,,,"$7,562.13"
L8623,,,Prevailing State Rates
L8624,,,$148.46
L8629,,,$164.82
L8681,,,Prevailing State Rates
L8691,,,"$1,888.94"
L8692,,,"$2,045.20"
L8694,,,Cost Invoice
L9900,,,Cost Invoice
S1040,,,Prevailing State Rates
S8120,,,Prevailing State Rates
T4521,,,$0.48
T4522,,,$0.45
T4523,,,$0.50
T4524,,,$0.53
T4525,,,$0.48
T4526,,,$0.64
T4527,,,$0.71
T4528,,,$0.76
T4530,,,$0.48
T4531,,,$0.48
T4532,,,$0.48
T4534,,,$0.48
T4535,,,$0.30
T4536,,,$11.42
T4537,,,$13.50
T4541,,,$0.24
T4543,,,$0.79
