HCPCS,Mod 1,Mod 2,Commercial,,,,,,,,
A4206,,,$0.32,,,,,,,,
A4215,,,$0.22,,,,,,,,
A4216,,,$0.42,,,,,,,,
A4217,AU,,Prevailng State Rates,,,,,,,,
A4217,,,$3.42,,,,,,,,
A4224,,,$21.74,,,,,,,,
A4225,,,$2.73,,,,,,,,
A4230,,,$12.49,,,,,,,,
A4231,,,Prevailng State Rates,,,,,,,,
A4232,,,$3.41,,,,,,,,
A4233,,,Prevailng State Rates,,,,,,,,
A4235,,,Prevailng State Rates,,,,,,,,
A4238,KF,,$317.65,,,,,,,,
A4238,,,$317.65,,,,,,,,
A4239,,,$293.26,,,,,,,,
A4245,,,Prevailng State Rates,,,,,,,,
A4247,,,Prevailng State Rates,,,,,,,,
A4252,,,Prevailng State Rates,,,,,,,,
A4253,,,$32.78,,,,,,,,
A4253,KL,,Prevailng State Rates,,,,,,,,
A4256,,,$16.84,,,,,,,,
A4258,,,Prevailng State Rates,,,,,,,,
A4259,,,$11.04,,,,,,,,
A4281,,,$30.96,,,,,,,,
A4282,,,$24.68,,,,,,,,
A4283,,,Cost Invoice,,,,,,,,
A4284,,,$17.80,,,,,,,,
A4285,,,Cost Invoice,,,,,,,,
A4286,,,Cost Invoice,,,,,,,,
A4287,,,$0.35,,,,,,,,
A4310,,,$7.17,,,,,,,,
A4314,,,Prevailng State Rates,,,,,,,,
A4315,,,Prevailng State Rates,,,,,,,,
A4320,,,Prevailng State Rates,,,,,,,,
A4322,,,$2.99,,,,,,,,
A4326,,,Prevailng State Rates,,,,,,,,
A4331,,,$3.47,,,,,,,,
A4332,,,$0.12,,,,,,,,
A4333,,,Prevailng State Rates,,,,,,,,
A4334,,,$5.37,,,,,,,,
A4335,,,Cost Invoice,,,,,,,,
A4338,,,$13.39,,,,,,,,
A4340,,,Prevailng State Rates,,,,,,,,
A4344,,,$17.47,,,,,,,,
A4346,,,Prevailng State Rates,,,,,,,,
A4349,,,$2.19,,,,,,,,
A4351,,,$1.20,,,,,,,,
A4352,,,$4.62,,,,,,,,
A4353,,,$5.04,,,,,,,,
A4354,,,Prevailng State Rates,,,,,,,,
A4356,,,Prevailng State Rates,,,,,,,,
A4357,,,$10.60,,,,,,,,
A4358,,,$6.38,,,,,,,,
A4361,,,Prevailng State Rates,,,,,,,,
A4362,,,$3.22,,,,,,,,
A4363,,,$2.58,,,,,,,,
A4364,,,$3.21,,,,,,,,
A4366,,,$1.69,,,,,,,,
A4367,,,$8.03,,,,,,,,
A4369,,,$2.25,,,,,,,,
A4371,,,$3.92,,,,,,,,
A4373,,,$8.19,,,,,,,,
A4385,,,$5.56,,,,,,,,
A4388,,,$4.66,,,,,,,,
A4389,,,$8.12,,,,,,,,
A4390,,,$10.48,,,,,,,,
A4391,,,$9.87,,,,,,,,
A4392,,,$11.42,,,,,,,,
A4393,,,$12.63,,,,,,,,
A4394,,,$2.83,,,,,,,,
A4395,,,Prevailng State Rates,,,,,,,,
A4396,,,$44.18,,,,,,,,
A4398,,,$19.31,,,,,,,,
A4399,,,Prevailng State Rates,,,,,,,,
A4402,,,$1.74,,,,,,,,
A4404,,,Prevailng State Rates,,,,,,,,
A4405,,,Prevailng State Rates,,,,,,,,
A4406,,,$6.25,,,,,,,,
A4407,,,$9.56,,,,,,,,
A4408,,,$10.78,,,,,,,,
A4409,,,$6.78,,,,,,,,
A4410,,,$11.82,,,,,,,,
A4411,,,Prevailng State Rates,,,,,,,,
A4412,,,$3.54,,,,,,,,
A4413,,,$6.02,,,,,,,,
A4414,,,$5.37,,,,,,,,
A4416,,,$3.01,,,,,,,,
A4417,,,$4.07,,,,,,,,
A4419,,,$1.88,,,,,,,,
A4422,,,Prevailng State Rates,,,,,,,,
A4423,,,Prevailng State Rates,,,,,,,,
A4424,,,$5.19,,,,,,,,
A4425,,,$3.90,,,,,,,,
A4426,,,Prevailng State Rates,,,,,,,,
A4427,,,$3.05,,,,,,,,
A4428,,,$7.12,,,,,,,,
A4430,,,$9.30,,,,,,,,
A4432,,,$3.91,,,,,,,,
A4433,,,Prevailng State Rates,,,,,,,,
A4437,,,Prevailng State Rates,,,,,,,,
A4450,AW,,$0.14,,,,,,,,
A4450,,,$0.10,,,,,,,,
A4452,AW,,$0.53,,,,,,,,
A4452,,,$0.42,,,,,,,,
A4453,,,$24.82,,,,,,,,
A4455,,,Prevailng State Rates,,,,,,,,
A4456,,,$0.26,,,,,,,,
A4459,,,Cost Invoice,,,,,,,,
A4467,,,Prevailng State Rates,,,,,,,,
A4481,,,Prevailng State Rates,,,,,,,,
A4483,,,$6.03,,,,,,,,
A4520,,,Prevailng State Rates,,,,,,,,
A4556,,,Prevailng State Rates,,,,,,,,
A4557,,,Prevailng State Rates,,,,,,,,
A4559,,,Prevailng State Rates,,,,,,,,
A4565,,,$10.31,,,,,,,,
A4570,,,Cost Invoice,,,,,,,,
A4595,,,$11.10,,,,,,,,
A4604,,,$43.54,,,,,,,,
A4605,,,$17.90,,,,,,,,
A4606,,,$130.32,,,,,,,,
A4614,,,Prevailng State Rates,,,,,,,,
A4618,,,$7.44,,,,,,,,
A4623,,,$6.09,,,,,,,,
A4624,,,$2.74,,,,,,,,
A4627,,,$29.50,,,,,,,,
A4628,,,$3.78,,,,,,,,
A4629,,,$5.05,,,,,,,,
A4640,,,$52.92,,,,,,,,
A4649,,,Cost Invoice,,,,,,,,
A4670,,,$52.52,,,,,,,,
A4927,,,Prevailng State Rates,,,,,,,,
A4930,,,Prevailng State Rates,,,,,,,,
A5054,,,$2.51,,,,,,,,
A5055,,,Prevailng State Rates,,,,,,,,
A5056,,,$5.10,,,,,,,,
A5057,,,$10.48,,,,,,,,
A5061,,,$3.86,,,,,,,,
A5063,,,$2.95,,,,,,,,
A5081,,,Prevailng State Rates,,,,,,,,
A5093,,,Prevailng State Rates,,,,,,,,
A5102,,,Prevailng State Rates,,,,,,,,
A5112,,,Prevailng State Rates,,,,,,,,
A5114,,,$9.94,,,,,,,,
A5120,,,$0.22,,,,,,,,
A5120,AU,,Prevailng State Rates,,,,,,,,
A5121,,,$8.14,,,,,,,,
A5131,,,$14.71,,,,,,,,
A5200,,,Prevailng State Rates,,,,,,,,
A5500,,,$53.89,,,,,,,,
A5501,,,$208.18,,,,,,,,
A5503,,,$35.40,,,,,,,,
A5504,,,Prevailng State Rates,,,,,,,,
A5512,,,Prevailng State Rates,,,,,,,,
A5513,,,$42.25,,,,,,,,
A5514,,,$42.51,,,,,,,,
A6010,,,Prevailng State Rates,,,,,,,,
A6021,,,$22.95,,,,,,,,
A6022,,,Prevailng State Rates,,,,,,,,
A6023,,,Prevailng State Rates,,,,,,,,
A6196,,,$8.03,,,,,,,,
A6197,,,$17.95,,,,,,,,
A6199,,,$5.76,,,,,,,,
A6203,,,$3.68,,,,,,,,
A6206,,,$1.23,,,,,,,,
A6207,,,$8.02,,,,,,,,
A6209,,,$8.16,,,,,,,,
A6210,,,$21.75,,,,,,,,
A6211,,,Prevailng State Rates,,,,,,,,
A6212,,,$10.60,,,,,,,,
A6213,,,$18.04,,,,,,,,
A6215,,,Prevailng State Rates,,,,,,,,
A6216,,,$0.04,,,,,,,,
A6217,,,Prevailng State Rates,,,,,,,,
A6218,,,Prevailng State Rates,,,,,,,,
A6219,,,$1.04,,,,,,,,
A6220,,,$2.83,,,,,,,,
A6222,,,$2.33,,,,,,,,
A6223,,,$2.65,,,,,,,,
A6229,,,Prevailng State Rates,,,,,,,,
A6231,,,Prevailng State Rates,,,,,,,,
A6234,,,$7.15,,,,,,,,
A6235,,,Prevailng State Rates,,,,,,,,
A6237,,,$10.34,,,,,,,,
A6238,,,Prevailng State Rates,,,,,,,,
A6240,,,$17.11,,,,,,,,
A6242,,,Prevailng State Rates,,,,,,,,
A6245,,,$7.94,,,,,,,,
A6248,,,$17.74,,,,,,,,
A6250,,,Cost Invoice,,,,,,,,
A6251,,,$2.17,,,,,,,,
A6252,,,$3.55,,,,,,,,
A6253,,,$6.91,,,,,,,,
A6257,,,$1.67,,,,,,,,
A6258,,,$4.70,,,,,,,,
A6259,,,Prevailng State Rates,,,,,,,,
A6260,,,Cost Invoice,,,,,,,,
A6261,,,Cost Invoice,,,,,,,,
A6266,,,$2.09,,,,,,,,
A6402,,,$0.12,,,,,,,,
A6403,,,Prevailng State Rates,,,,,,,,
A6407,,,Prevailng State Rates,,,,,,,,
A6441,,,$0.74,,,,,,,,
A6443,,,$0.30,,,,,,,,
A6445,,,Prevailng State Rates,,,,,,,,
A6446,,,$0.42,,,,,,,,
A6448,,,Prevailng State Rates,,,,,,,,
A6449,,,$1.91,,,,,,,,
A6450,,,Prevailng State Rates,,,,,,,,
A6452,,,$6.44,,,,,,,,
A6453,,,Prevailng State Rates,,,,,,,,
A6454,,,$0.86,,,,,,,,
A6456,,,$1.20,,,,,,,,
A6457,,,$1.24,,,,,,,,
A6504,,,$215.39,,,,,,,,
A6516,,,Prevailng State Rates,,,,,,,,
A6522,,,$344.06,,,,,,,,
A6523,,,$816.33,,,,,,,,
A6524,,,Prevailng State Rates,,,,,,,,
A6525,,,$866.58,,,,,,,,
A6526,,,Prevailng State Rates,,,,,,,,
A6528,,,$746.24,,,,,,,,
A6530,,,$26.77,,,,,,,,
A6531,,,$47.22,,,,,,,,
A6532,AW,,Prevailng State Rates,,,,,,,,
A6533,,,Prevailng State Rates,,,,,,,,
A6534,,,$47.38,,,,,,,,
A6537,,,Prevailng State Rates,,,,,,,,
A6539,,,Prevailng State Rates,,,,,,,,
A6540,,,$130.65,,,,,,,,
A6545,AW,,Prevailng State Rates,,,,,,,,
A6545,,,$92.99,,,,,,,,
A6549,,,Cost Invoice,,,,,,,,
A6550,,,$25.64,,,,,,,,
A6552,,,$64.92,,,,,,,,
A6553,,,Prevailng State Rates,,,,,,,,
A6556,,,Prevailng State Rates,,,,,,,,
A6557,,,$347.40,,,,,,,,
A6558,,,Prevailng State Rates,,,,,,,,
A6559,,,Prevailng State Rates,,,,,,,,
A6562,,,Prevailng State Rates,,,,,,,,
A6563,,,Prevailng State Rates,,,,,,,,
A6564,,,Prevailng State Rates,,,,,,,,
A6565,,,$196.47,,,,,,,,
A6566,,,$285.26,,,,,,,,
A6568,,,$186.17,,,,,,,,
A6572,,,Prevailng State Rates,,,,,,,,
A6576,,,$218.53,,,,,,,,
A6577,,,Prevailng State Rates,,,,,,,,
A6578,,,$89.08,,,,,,,,
A6581,,,$81.73,,,,,,,,
A6582,,,$54.51,,,,,,,,
A6583,,,$179.31,,,,,,,,
A6584,,,Prevailng State Rates,,,,,,,,
A6585,,,Prevailng State Rates,,,,,,,,
A6586,,,Prevailng State Rates,,,,,,,,
A6587,,,$81.94,,,,,,,,
A6588,,,Prevailng State Rates,,,,,,,,
A6589,,,$107.80,,,,,,,,
A6593,,,$253.33,,,,,,,,
A6610,,,Prevailng State Rates,,,,,,,,
A7000,,,$8.73,,,,,,,,
A7002,,,$3.97,,,,,,,,
A7003,,,$2.32,,,,,,,,
A7004,,,$1.52,,,,,,,,
A7005,,,$25.99,,,,,,,,
A7007,,,Prevailng State Rates,,,,,,,,
A7010,,,Prevailng State Rates,,,,,,,,
A7012,,,Prevailng State Rates,,,,,,,,
A7013,,,$0.70,,,,,,,,
A7014,,,$3.84,,,,,,,,
A7015,,,$1.59,,,,,,,,
A7020,,,$14.54,,,,,,,,
A7027,,,Prevailng State Rates,,,,,,,,
A7030,,,$122.62,,,,,,,,
A7031,,,$45.35,,,,,,,,
A7032,,,$26.34,,,,,,,,
A7033,,,$18.46,,,,,,,,
A7034,,,$76.46,,,,,,,,
A7035,,,$25.83,,,,,,,,
A7036,,,$11.82,,,,,,,,
A7037,,,$26.66,,,,,,,,
A7038,,,$3.51,,,,,,,,
A7039,,,$9.96,,,,,,,,
A7045,,,Prevailng State Rates,,,,,,,,
A7046,,,$13.50,,,,,,,,
A7048,,,$57.71,,,,,,,,
A7507,,,$2.73,,,,,,,,
A7508,,,Prevailng State Rates,,,,,,,,
A7509,,,$1.97,,,,,,,,
A7520,,,$51.82,,,,,,,,
A7521,,,$51.35,,,,,,,,
A7523,,,Prevailng State Rates,,,,,,,,
A7525,,,$2.25,,,,,,,,
A7526,,,$3.70,,,,,,,,
A8001,,,Prevailng State Rates,,,,,,,,
A9270,,,Cost Invoice,,,,,,,,
A9274,,,Prevailng State Rates,,,,,,,,
A9282,,,$150.00,,,,,,,,
A9284,,,$3.67,,,,,,,,
A9900,,,Cost Invoice,,,,,,,,
A9999,,,Cost Invoice,,,,,,,,
B4034,,,$5.94,,,,,,,,
B4035,,,$7.22,,,,,,,,
B4036,,,$7.75,,,,,,,,
B4081,,,$21.00,,,,,,,,
B4082,,,$15.63,,,,,,,,
B4087,,,$33.70,,,,,,,,
B4088,,,$79.92,,,,,,,,
B4100,BO,,Prevailng State Rates,,,,,,,,
B4100,,,Prevailng State Rates,,,,,,,,
B4102,BO,,Prevailng State Rates,,,,,,,,
B4102,,,Prevailng State Rates,,,,,,,,
B4103,BO,,Prevailng State Rates,,,,,,,,
B4103,,,$11.83,,,,,,,,
B4105,,,$115.27,,,,,,,,
B4149,,,$1.50,,,,,,,,
B4150,,,$0.46,,,,,,,,
B4150,BO,,Prevailng State Rates,,,,,,,,
B4152,BO,,Prevailng State Rates,,,,,,,,
B4152,,,$0.38,,,,,,,,
B4153,,,$1.54,,,,,,,,
B4154,,,$0.81,,,,,,,,
B4154,BO,,Prevailng State Rates,,,,,,,,
B4155,,,$0.90,,,,,,,,
B4155,BO,,Prevailng State Rates,,,,,,,,
B4158,BO,,Prevailng State Rates,,,,,,,,
B4158,,,$8.51,,,,,,,,
B4160,BO,,Cost Invoice,,,,,,,,
B4160,,,$0.87,,,,,,,,
B4161,BO,,Prevailng State Rates,,,,,,,,
B4161,,,$2.16,,,,,,,,
B4161,BA,,Prevailng State Rates,,,,,,,,
B4162,,,Prevailng State Rates,,,,,,,,
B9002,,,$758.06,,,,,,,,
B9002,RR,,$115.34,,,,,,,,
B9998,,,Cost Invoice,,,,,,,,
E0100,,,$21.49,,,,,,,,
E0105,,,$50.52,,,,,,,,
E0110,,,$80.47,,,,,,,,
E0114,,,$48.93,,,,,,,,
E0118,,,$823.50,,,,,,,,
E0118,RR,,$82.35,,,,,,,,
E0130,,,Prevailng State Rates,,,,,,,,
E0135,,,Prevailng State Rates,,,,,,,,
E0140,,,Prevailng State Rates,,,,,,,,
E0141,,,Prevailng State Rates,,,,,,,,
E0143,,,$87.34,,,,,,,,
E0147,,,$448.00,,,,,,,,
E0148,,,Prevailng State Rates,,,,,,,,
E0149,,,$162.16,,,,,,,,
E0149,RR,,$16.22,,,,,,,,
E0154,,,$54.43,,,,,,,,
E0155,,,Prevailng State Rates,,,,,,,,
E0156,,,$19.20,,,,,,,,
E0163,,,$89.78,,,,,,,,
E0165,,,$156.62,,,,,,,,
E0165,RR,,$15.66,,,,,,,,
E0167,,,Prevailng State Rates,,,,,,,,
E0168,,,$132.75,,,,,,,,
E0168,RR,,$13.28,,,,,,,,
E0181,,,$219.60,,,,,,,,
E0181,RR,,$21.96,,,,,,,,
E0184,,,$183.45,,,,,,,,
E0184,RR,,$18.34,,,,,,,,
E0185,,,Prevailng State Rates,,,,,,,,
E0188,,,$25.54,,,,,,,,
E0189,,,Prevailng State Rates,,,,,,,,
E0190,,,Prevailng State Rates,,,,,,,,
E0191,,,Prevailng State Rates,,,,,,,,
E0197,,,Prevailng State Rates,,,,,,,,
E0199,,,Prevailng State Rates,,,,,,,,
E0202,RR,,$55.20,,,,,,,,
E0240,,,Prevailng State Rates,,,,,,,,
E0241,,,Prevailng State Rates,,,,,,,,
E0243,,,Prevailng State Rates,,,,,,,,
E0244,,,Prevailng State Rates,,,,,,,,
E0245,,,Prevailng State Rates,,,,,,,,
E0246,,,Prevailng State Rates,,,,,,,,
E0247,,,Prevailng State Rates,,,,,,,,
E0248,,,Prevailng State Rates,,,,,,,,
E0255,RR,,Prevailng State Rates,,,,,,,,
E0260,,,"$1,074.16",,,,,,,,
E0260,RR,,$107.42,,,,,,,,
E0261,RR,,$104.72,,,,,,,,
E0265,RR,,Prevailng State Rates,,,,,,,,
E0271,,,Prevailng State Rates,,,,,,,,
E0272,,,Prevailng State Rates,,,,,,,,
E0274,RR,,Prevailng State Rates,,,,,,,,
E0277,RR,,Prevailng State Rates,,,,,,,,
E0294,,,"$1,030.56",,,,,,,,
E0294,RR,,$103.06,,,,,,,,
E0301,RR,,Prevailng State Rates,,,,,,,,
E0303,,,"$2,324.60",,,,,,,,
E0303,RR,,$232.46,,,,,,,,
E0304,RR,,Prevailng State Rates,,,,,,,,
E0305,,,Prevailng State Rates,,,,,,,,
E0310,,,$126.35,,,,,,,,
E0310,RR,,$12.64,,,,,,,,
E0325,,,Prevailng State Rates,,,,,,,,
E0328,,,Cost Invoice,,,,,,,,
E0424,QG,,Prevailng State Rates,,,,,,,,
E0424,QG,RR,Prevailng State Rates,,,,,,,,
E0424,RR,,$129.43,,,,,,,,
E0424,QF,,Prevailng State Rates,,,,,,,,
E0431,RR,,$21.64,,,,,,,,
E0431,RR,QF,Prevailng State Rates,,,,,,,,
E0431,,,$39.47,,,,,,,,
E0434,RR,,Prevailng State Rates,,,,,,,,
E0439,RR,,Prevailng State Rates,,,,,,,,
E0445,,,"$1,149.17",,,,,,,,
E0445,RR,,$164.17,,,,,,,,
E0465,RR,,$908.79,,,,,,,,
E0465,TW,RR,Prevailng State Rates,,,,,,,,
E0465,RR,TW,Prevailng State Rates,,,,,,,,
E0465,TW,,Prevailng State Rates,,,,,,,,
E0466,RR,,$908.79,,,,,,,,
E0466,TW,,Prevailng State Rates,,,,,,,,
E0467,RR,,"$1,514.07",,,,,,,,
E0470,,,"$1,633.59",,,,,,,,
E0470,RR,,$163.35,,,,,,,,
E0471,,,"$4,398.42",,,,,,,,
E0471,RR,,$439.84,,,,,,,,
E0480,,,$434.68,,,,,,,,
E0482,,,"$4,459.31",,,,,,,,
E0482,RR,,$445.94,,,,,,,,
E0483,,,"$11,094.40",,,,,,,,
E0483,RR,,"$1,109.44",,,,,,,,
E0484,,,$51.61,,,,,,,,
E0562,,,$195.80,,,,,,,,
E0562,RR,,$19.57,,,,,,,,
E0565,RR,,$51.43,,,,,,,,
E0570,,,$135.82,,,,,,,,
E0570,RR,,$13.59,,,,,,,,
E0575,,,Prevailng State Rates,,,,,,,,
E0600,,,$413.80,,,,,,,,
E0600,RR,,$41.39,,,,,,,,
E0601,,,$726.16,,,,,,,,
E0601,RR,,$72.62,,,,,,,,
E0603,,,$191.68,,,,,,,,
E0604,,,$247.49,,,,,,,,
E0604,RR,,$24.75,,,,,,,,
E0607,,,Prevailng State Rates,,,,,,,,
E0617,KF,,$427.50,,,,,,,,
E0617,,,"$4,275.00",,,,,,,,
E0621,,,$88.99,,,,,,,,
E0630,,,$858.78,,,,,,,,
E0630,RR,,$85.87,,,,,,,,
E0635,,,"$1,482.90",,,,,,,,
E0635,RR,,$148.29,,,,,,,,
E0636,RR,,Prevailng State Rates,,,,,,,,
E0637,,,Prevailng State Rates,,,,,,,,
E0642,,,Cost Invoice,,,,,,,,
E0651,,,"$1,283.19",,,,,,,,
E0652,,,"$4,169.53",,,,,,,,
E0652,RR,,$732.05,,,,,,,,
E0656,,,$990.00,,,,,,,,
E0657,,,$990.00,,,,,,,,
E0667,,,$295.98,,,,,,,,
E0668,,,$617.39,,,,,,,,
E0673,,,Prevailng State Rates,,,,,,,,
E0676,,,Cost Invoice,,,,,,,,
E0691,,,$931.82,,,,,,,,
E0694,,,"$4,591.07",,,,,,,,
E0700,,,Cost Invoice,,,,,,,,
E0705,,,$50.29,,,,,,,,
E0730,,,$66.84,,,,,,,,
E0745,RR,,Prevailng State Rates,,,,,,,,
E0747,,,"$4,060.89",,,,,,,,
E0748,,,"$4,034.59",,,,,,,,
E0760,,,"$3,352.66",,,,,,,,
E0776,,,$178.90,,,,,,,,
E0776,RR,,$17.89,,,,,,,,
E0784,,,"$4,373.53",,,,,,,,
E0784,RR,,Prevailng State Rates,,,,,,,,
E0910,,,$152.90,,,,,,,,
E0910,RR,,$15.29,,,,,,,,
E0912,,,$955.30,,,,,,,,
E0912,RR,,$95.53,,,,,,,,
E0935,,,$317.80,,,,,,,,
E0935,RR,,$31.78,,,,,,,,
E0940,RR,,Prevailng State Rates,,,,,,,,
E0950,,,$107.59,,,,,,,,
E0951,,,$32.42,,,,,,,,
E0952,,,Prevailng State Rates,,,,,,,,
E0953,,,$83.91,,,,,,,,
E0954,,,Prevailng State Rates,,,,,,,,
E0955,,,$191.11,,,,,,,,
E0955,RR,,$19.11,,,,,,,,
E0956,,,$102.01,,,,,,,,
E0957,,,Prevailng State Rates,,,,,,,,
E0960,,,$94.16,,,,,,,,
E0961,,,$62.52,,,,,,,,
E0961,RR,,$6.25,,,,,,,,
E0966,,,$85.70,,,,,,,,
E0966,RR,,$8.57,,,,,,,,
E0967,,,Prevailng State Rates,,,,,,,,
E0971,,,$53.89,,,,,,,,
E0971,RR,,$5.39,,,,,,,,
E0973,,,$260.90,,,,,,,,
E0978,,,$134.31,,,,,,,,
E0978,RR,,$13.43,,,,,,,,
E0981,,,Prevailng State Rates,,,,,,,,
E0982,,,$64.43,,,,,,,,
E0986,,,Cost Invoice,,,,,,,,
E0990,,,$95.30,,,,,,,,
E0990,RR,,$9.53,,,,,,,,
E0992,,,Prevailng State Rates,,,,,,,,
E0995,,,$37.40,,,,,,,,
E1002,,,"$3,831.21",,,,,,,,
E1004,,,Prevailng State Rates,,,,,,,,
E1007,,,"$8,189.35",,,,,,,,
E1010,,,Prevailng State Rates,,,,,,,,
E1012,,,"$1,063.25",,,,,,,,
E1016,,,Prevailng State Rates,,,,,,,,
E1020,,,Prevailng State Rates,,,,,,,,
E1028,,,$195.23,,,,,,,,
E1028,RR,,$19.52,,,,,,,,
E1031,,,Prevailng State Rates,,,,,,,,
E1032,,,Prevailng State Rates,,,,,,,,
E1033,,,Prevailng State Rates,,,,,,,,
E1140,RR,,Prevailng State Rates,,,,,,,,
E1150,RR,,Prevailng State Rates,,,,,,,,
E1161,,,"$2,840.90",,,,,,,,
E1161,RR,,$284.09,,,,,,,,
E1225,,,"$1,368.50",,,,,,,,
E1225,RR,,$136.85,,,,,,,,
E1226,,,$498.30,,,,,,,,
E1226,RR,,$49.83,,,,,,,,
E1232,,,Prevailng State Rates,,,,,,,,
E1234,,,Prevailng State Rates,,,,,,,,
E1235,,,Prevailng State Rates,,,,,,,,
E1236,,,Prevailng State Rates,,,,,,,,
E1237,,,Prevailng State Rates,,,,,,,,
E1238,,,"$1,967.65",,,,,,,,
E1238,RR,,$196.77,,,,,,,,
E1353,RR,,$15.75,,,,,,,,
E1355,RR,,$5.25,,,,,,,,
E1356,RR,,$49.88,,,,,,,,
E1372,RR,,Prevailng State Rates,,,,,,,,
E1390,,,Prevailng State Rates,,,,,,,,
E1390,QF,,Prevailng State Rates,,,,,,,,
E1390,QG,,Prevailng State Rates,,,,,,,,
E1390,QG,RR,Prevailng State Rates,,,,,,,,
E1390,RR,,$129.43,,,,,,,,
E1390,RR,QF,$93.00,,,,,,,,
E1390,RR,QG,Prevailng State Rates,,,,,,,,
E1392,,,Prevailng State Rates,,,,,,,,
E1392,RR,,$37.96,,,,,,,,
E1399,,,Cost Invoice,,,,,,,,
E1399,RR,,Cost Invoice,,,,,,,,
E1594,RR,,Prevailng State Rates,,,,,,,,
E1800,RR,,$127.03,,,,,,,,
E1805,,,"$1,310.20",,,,,,,,
E1805,RR,,$131.02,,,,,,,,
E1806,RR,,Prevailng State Rates,,,,,,,,
E1810,RR,,Prevailng State Rates,,,,,,,,
E1815,,,"$1,310.24",,,,,,,,
E1815,RR,,$131.02,,,,,,,,
E1825,RR,,Prevailng State Rates,,,,,,,,
E1830,RR,,Prevailng State Rates,,,,,,,,
E1840,RR,,$534.73,,,,,,,,
E2000,RR,,Prevailng State Rates,,,,,,,,
E2100,,,Prevailng State Rates,,,,,,,,
E2102,,,$294.12,,,,,,,,
E2103,,,$323.30,,,,,,,,
E2201,,,$448.00,,,,,,,,
E2201,RR,,$44.81,,,,,,,,
E2202,RR,,$56.92,,,,,,,,
E2203,,,Prevailng State Rates,,,,,,,,
E2204,,,$969.75,,,,,,,,
E2205,,,$34.56,,,,,,,,
E2206,,,$48.04,,,,,,,,
E2207,,,Prevailng State Rates,,,,,,,,
E2208,,,$103.66,,,,,,,,
E2208,RR,,$10.37,,,,,,,,
E2209,,,$109.06,,,,,,,,
E2210,,,$6.76,,,,,,,,
E2211,,,$46.93,,,,,,,,
E2212,,,$6.92,,,,,,,,
E2213,,,$35.91,,,,,,,,
E2214,,,$36.73,,,,,,,,
E2215,,,$11.33,,,,,,,,
E2218,,,Prevailng State Rates,,,,,,,,
E2219,,,$50.23,,,,,,,,
E2220,,,Prevailng State Rates,,,,,,,,
E2221,,,Prevailng State Rates,,,,,,,,
E2222,,,$28.47,,,,,,,,
E2224,,,$117.74,,,,,,,,
E2225,,,$20.88,,,,,,,,
E2226,,,$45.55,,,,,,,,
E2231,,,$184.52,,,,,,,,
E2291,,,Prevailng State Rates,,,,,,,,
E2298,,,"$2,126.68",,,,,,,,
E2300,,,Prevailng State Rates,,,,,,,,
E2301,,,Prevailng State Rates,,,,,,,,
E2310,,,"$1,392.34",,,,,,,,
E2311,,,"$2,239.43",,,,,,,,
E2313,,,$517.65,,,,,,,,
E2322,,,Prevailng State Rates,,,,,,,,
E2323,,,$71.59,,,,,,,,
E2325,,,Prevailng State Rates,,,,,,,,
E2328,,,"$5,897.68",,,,,,,,
E2331,,,Prevailng State Rates,,,,,,,,
E2359,,,$174.16,,,,,,,,
E2361,,,$141.95,,,,,,,,
E2363,,,$189.28,,,,,,,,
E2365,,,$114.16,,,,,,,,
E2366,,,Prevailng State Rates,,,,,,,,
E2367,,,Prevailng State Rates,,,,,,,,
E2370,,,Prevailng State Rates,,,,,,,,
E2374,,,"$1,489.73",,,,,,,,
E2375,,,Prevailng State Rates,,,,,,,,
E2376,,,Prevailng State Rates,,,,,,,,
E2377,,,$459.11,,,,,,,,
E2378,,,Prevailng State Rates,,,,,,,,
E2381,,,Prevailng State Rates,,,,,,,,
E2383,,,Prevailng State Rates,,,,,,,,
E2386,,,$153.15,,,,,,,,
E2387,,,Prevailng State Rates,,,,,,,,
E2388,,,Prevailng State Rates,,,,,,,,
E2389,,,Prevailng State Rates,,,,,,,,
E2390,,,$57.68,,,,,,,,
E2391,,,Prevailng State Rates,,,,,,,,
E2392,,,$55.76,,,,,,,,
E2394,,,$79.45,,,,,,,,
E2395,,,Prevailng State Rates,,,,,,,,
E2396,,,$69.10,,,,,,,,
E2397,,,Prevailng State Rates,,,,,,,,
E2398,,,Prevailng State Rates,,,,,,,,
E2402,RR,,$698.61,,,,,,,,
E2510,,,"$5,876.47",,,,,,,,
E2512,,,"$3,135.00",,,,,,,,
E2599,,,Cost Invoice,,,,,,,,
E2601,,,$63.29,,,,,,,,
E2602,,,$123.56,,,,,,,,
E2603,,,$137.46,,,,,,,,
E2604,,,Prevailng State Rates,,,,,,,,
E2605,,,$278.56,,,,,,,,
E2607,,,$761.08,,,,,,,,
E2608,,,Prevailng State Rates,,,,,,,,
E2609,,,"$1,005.96",,,,,,,,
E2611,,,$323.26,,,,,,,,
E2612,,,Prevailng State Rates,,,,,,,,
E2613,,,$406.76,,,,,,,,
E2615,,,$468.09,,,,,,,,
E2616,,,Prevailng State Rates,,,,,,,,
E2617,,,"$1,342.48",,,,,,,,
E2619,,,$53.09,,,,,,,,
E2620,,,$566.79,,,,,,,,
E2621,,,Prevailng State Rates,,,,,,,,
E2622,,,$302.18,,,,,,,,
E2623,,,$550.48,,,,,,,,
E2624,,,$384.65,,,,,,,,
E2626,,,Prevailng State Rates,,,,,,,,
E8000,,,"$2,813.08",,,,,,,,
E8001,,,"$2,009.34",,,,,,,,
K0001,,,$543.50,,,,,,,,
K0001,RR,,$54.35,,,,,,,,
K0002,RR,,Prevailng State Rates,,,,,,,,
K0003,,,$768.00,,,,,,,,
K0003,RR,,$76.80,,,,,,,,
K0004,,,"$1,007.83",,,,,,,,
K0004,RR,,$100.78,,,,,,,,
K0005,,,"$2,222.74",,,,,,,,
K0006,RR,,$111.27,,,,,,,,
K0006,,,"$1,279.61",,,,,,,,
K0007,,,"$1,687.20",,,,,,,,
K0007,RR,,$168.72,,,,,,,,
K0015,,,Prevailng State Rates,,,,,,,,
K0017,,,Prevailng State Rates,,,,,,,,
K0018,,,$37.34,,,,,,,,
K0019,,,$30.88,,,,,,,,
K0020,,,Prevailng State Rates,,,,,,,,
K0037,,,Prevailng State Rates,,,,,,,,
K0038,,,$24.68,,,,,,,,
K0040,,,$75.99,,,,,,,,
K0041,,,$67.76,,,,,,,,
K0042,,,Prevailng State Rates,,,,,,,,
K0043,,,Prevailng State Rates,,,,,,,,
K0044,,,$22.67,,,,,,,,
K0045,,,Prevailng State Rates,,,,,,,,
K0047,,,Prevailng State Rates,,,,,,,,
K0052,,,Prevailng State Rates,,,,,,,,
K0053,RR,,$11.02,,,,,,,,
K0065,,,Prevailng State Rates,,,,,,,,
K0069,,,$124.07,,,,,,,,
K0070,,,$216.32,,,,,,,,
K0071,,,Prevailng State Rates,,,,,,,,
K0072,,,$87.50,,,,,,,,
K0077,,,$69.46,,,,,,,,
K0108,,,Cost Invoice,,,,,,,,
K0108,RR,,Cost Invoice,,,,,,,,
K0195,,,$186.90,,,,,,,,
K0195,RR,,$18.69,,,,,,,,
K0462,RR,,$560.22,,,,,,,,
K0606,,,"$2,900.00",,,,,,,,
K0606,RR,,$290.00,,,,,,,,
K0669,,,$422.82,,,,,,,,
K0733,,,$31.26,,,,,,,,
K0738,RR,,$37.96,,,,,,,,
K0739,,,$15.89,,,,,,,,
K0800,,,Prevailng State Rates,,,,,,,,
K0801,,,Prevailng State Rates,,,,,,,,
K0821,,,Prevailng State Rates,,,,,,,,
K0822,,,Prevailng State Rates,,,,,,,,
K0823,,,Cost Invoice,,,,,,,,
K0823,RR,,Cost Invoice,,,,,,,,
K0824,,,Prevailng State Rates,,,,,,,,
K0825,,,Prevailng State Rates,,,,,,,,
K0827,,,"$8,213.71",,,,,,,,
K0827,RR,,$821.37,,,,,,,,
K0835,,,Prevailng State Rates,,,,,,,,
K0836,,,"$3,912.39",,,,,,,,
K0837,,,"$4,641.01",,,,,,,,
K0838,,,"$4,135.29",,,,,,,,
K0848,,,"$5,468.89",,,,,,,,
K0849,,,Prevailng State Rates,,,,,,,,
K0851,,,Prevailng State Rates,,,,,,,,
K0856,,,"$8,218.17",,,,,,,,
K0857,,,"$6,886.03",,,,,,,,
K0861,,,"$5,754.85",,,,,,,,
K0862,,,"$8,375.66",,,,,,,,
L0120,,,$31.14,,,,,,,,
L0160,,,Prevailng State Rates,,,,,,,,
L0172,,,$120.68,,,,,,,,
L0174,,,$254.09,,,,,,,,
L0180,,,$370.46,,,,,,,,
L0200,,,$581.97,,,,,,,,
L0456,,,$913.75,,,,,,,,
L0457,,,$742.73,,,,,,,,
L0464,,,"$1,365.63",,,,,,,,
L0484,,,Prevailng State Rates,,,,,,,,
L0486,,,"$1,659.47",,,,,,,,
L0621,,,$86.45,,,,,,,,
L0625,,,Prevailng State Rates,,,,,,,,
L0627,,,$377.66,,,,,,,,
L0630,,,$148.79,,,,,,,,
L0631,,,Prevailng State Rates,,,,,,,,
L0637,,,"$1,032.62",,,,,,,,
L0639,,,Prevailng State Rates,,,,,,,,
L0640,,,Prevailng State Rates,,,,,,,,
L0641,,,Prevailng State Rates,,,,,,,,
L0642,,,$312.51,,,,,,,,
L0648,,,$780.46,,,,,,,,
L0650,,,$854.51,,,,,,,,
L0651,,,Prevailng State Rates,,,,,,,,
L0810,,,"$3,562.18",,,,,,,,
L0859,,,"$1,578.32",,,,,,,,
L0861,,,$291.48,,,,,,,,
L0984,,,$60.18,,,,,,,,
L0999,,,Cost Invoice,,,,,,,,
L1006,,,Prevailng State Rates,,,,,,,,
L1020,,,Prevailng State Rates,,,,,,,,
L1040,,,$84.93,,,,,,,,
L1060,,,$99.17,,,,,,,,
L1080,,,Prevailng State Rates,,,,,,,,
L1085,,,Prevailng State Rates,,,,,,,,
L1200,,,"$1,838.71",,,,,,,,
L1210,,,$230.30,,,,,,,,
L1220,,,Prevailng State Rates,,,,,,,,
L1240,,,$73.04,,,,,,,,
L1250,,,Prevailng State Rates,,,,,,,,
L1260,,,Prevailng State Rates,,,,,,,,
L1270,,,$68.19,,,,,,,,
L1290,,,$70.66,,,,,,,,
L1300,,,Prevailng State Rates,,,,,,,,
L1320,,,"$2,737.80",,,,,,,,
L1499,,,$985.71,,,,,,,,
L1620,,,$182.88,,,,,,,,
L1650,,,Prevailng State Rates,,,,,,,,
L1660,,,Prevailng State Rates,,,,,,,,
L1686,,,$814.14,,,,,,,,
L1812,,,$81.56,,,,,,,,
L1820,,,$102.89,,,,,,,,
L1821,,,$186.90,,,,,,,,
L1830,,,$79.99,,,,,,,,
L1832,,,$713.46,,,,,,,,
L1833,,,$400.27,,,,,,,,
L1836,,,$100.04,,,,,,,,
L1843,,,$824.34,,,,,,,,
L1844,,,Prevailng State Rates,,,,,,,,
L1845,,,$747.11,,,,,,,,
L1846,,,"$1,125.30",,,,,,,,
L1850,,,$230.43,,,,,,,,
L1851,,,$692.39,,,,,,,,
L1852,,,$621.36,,,,,,,,
L1902,,,$86.15,,,,,,,,
L1904,,,Prevailng State Rates,,,,,,,,
L1906,,,$105.85,,,,,,,,
L1907,,,$516.97,,,,,,,,
L1930,,,$188.69,,,,,,,,
L1932,,,$819.84,,,,,,,,
L1940,,,$467.60,,,,,,,,
L1945,,,Prevailng State Rates,,,,,,,,
L1950,,,"$1,286.68",,,,,,,,
L1951,,,$771.58,,,,,,,,
L1960,,,$487.86,,,,,,,,
L1970,,,$561.25,,,,,,,,
L1971,,,Prevailng State Rates,,,,,,,,
L1980,,,Prevailng State Rates,,,,,,,,
L2034,,,"$2,742.44",,,,,,,,
L2036,,,"$2,106.61",,,,,,,,
L2050,,,Prevailng State Rates,,,,,,,,
L2108,,,Prevailng State Rates,,,,,,,,
L2112,,,$626.73,,,,,,,,
L2114,,,$769.02,,,,,,,,
L2200,,,$55.79,,,,,,,,
L2210,,,$62.02,,,,,,,,
L2220,,,$85.18,,,,,,,,
L2232,,,Prevailng State Rates,,,,,,,,
L2250,,,$416.98,,,,,,,,
L2270,,,$63.02,,,,,,,,
L2275,,,$118.67,,,,,,,,
L2280,,,$399.15,,,,,,,,
L2300,,,Prevailng State Rates,,,,,,,,
L2320,,,$340.55,,,,,,,,
L2330,,,$408.88,,,,,,,,
L2340,,,$485.74,,,,,,,,
L2350,,,Prevailng State Rates,,,,,,,,
L2360,,,Prevailng State Rates,,,,,,,,
L2370,,,Prevailng State Rates,,,,,,,,
L2385,,,$173.54,,,,,,,,
L2387,,,Prevailng State Rates,,,,,,,,
L2390,,,$141.82,,,,,,,,
L2395,,,Prevailng State Rates,,,,,,,,
L2397,,,$116.31,,,,,,,,
L2405,,,$117.90,,,,,,,,
L2415,,,$164.25,,,,,,,,
L2425,,,Prevailng State Rates,,,,,,,,
L2430,,,Prevailng State Rates,,,,,,,,
L2600,,,Prevailng State Rates,,,,,,,,
L2620,,,Prevailng State Rates,,,,,,,,
L2624,,,$291.46,,,,,,,,
L2755,,,$120.06,,,,,,,,
L2760,,,Prevailng State Rates,,,,,,,,
L2768,,,$119.69,,,,,,,,
L2780,,,Prevailng State Rates,,,,,,,,
L2785,,,Prevailng State Rates,,,,,,,,
L2795,,,$92.71,,,,,,,,
L2800,,,Prevailng State Rates,,,,,,,,
L2810,,,$68.74,,,,,,,,
L2820,,,$76.43,,,,,,,,
L2830,,,$82.69,,,,,,,,
L2840,,,Prevailng State Rates,,,,,,,,
L2850,,,$80.21,,,,,,,,
L2999,,,Cost Invoice,,,,,,,,
L3000,,,$236.35,,,,,,,,
L3003,,,Prevailng State Rates,,,,,,,,
L3010,,,$160.11,,,,,,,,
L3020,,,$165.18,,,,,,,,
L3030,,,$70.12,,,,,,,,
L3031,,,Prevailng State Rates,,,,,,,,
L3040,,,$43.23,,,,,,,,
L3050,,,Prevailng State Rates,,,,,,,,
L3060,,,$67.75,,,,,,,,
L3100,,,$58.47,,,,,,,,
L3150,,,Prevailng State Rates,,,,,,,,
L3170,,,Prevailng State Rates,,,,,,,,
L3202,,,$52.95,,,,,,,,
L3203,,,$58.84,,,,,,,,
L3206,,,$47.84,,,,,,,,
L3207,,,Prevailng State Rates,,,,,,,,
L3260,,,$26.21,,,,,,,,
L3300,,,Prevailng State Rates,,,,,,,,
L3310,,,Prevailng State Rates,,,,,,,,
L3332,,,$67.75,,,,,,,,
L3350,,,Prevailng State Rates,,,,,,,,
L3540,,,Prevailng State Rates,,,,,,,,
L3650,,,$54.45,,,,,,,,
L3660,,,$113.31,,,,,,,,
L3670,,,$101.24,,,,,,,,
L3675,,,$187.82,,,,,,,,
L3702,,,$355.38,,,,,,,,
L3710,,,$156.72,,,,,,,,
L3760,,,$378.93,,,,,,,,
L3761,,,$535.20,,,,,,,,
L3762,,,$89.90,,,,,,,,
L3766,,,Prevailng State Rates,,,,,,,,
L3806,,,Prevailng State Rates,,,,,,,,
L3807,,,$209.08,,,,,,,,
L3808,,,Prevailng State Rates,,,,,,,,
L3809,,,$171.23,,,,,,,,
L3906,,,Prevailng State Rates,,,,,,,,
L3908,,,$62.35,,,,,,,,
L3913,,,Prevailng State Rates,,,,,,,,
L3915,,,Prevailng State Rates,,,,,,,,
L3916,,,Prevailng State Rates,,,,,,,,
L3918,,,$88.37,,,,,,,,
L3923,,,$82.34,,,,,,,,
L3924,,,$82.34,,,,,,,,
L3925,,,Prevailng State Rates,,,,,,,,
L3933,,,Prevailng State Rates,,,,,,,,
L3960,,,Prevailng State Rates,,,,,,,,
L3980,,,$266.26,,,,,,,,
L3982,,,$321.52,,,,,,,,
L3984,,,$309.41,,,,,,,,
L3995,,,$31.26,,,,,,,,
L3999,,,Cost Invoice,,,,,,,,
L4002,,,$25.86,,,,,,,,
L4205,,,$21.25,,,,,,,,
L4210,,,$235.37,,,,,,,,
L4350,,,$86.63,,,,,,,,
L4360,,,Prevailng State Rates,,,,,,,,
L4361,,,$254.48,,,,,,,,
L4386,,,$145.65,,,,,,,,
L4387,,,$145.65,,,,,,,,
L4396,,,Prevailng State Rates,,,,,,,,
L4397,,,$151.58,,,,,,,,
L4398,,,Prevailng State Rates,,,,,,,,
L4631,,,"$1,405.45",,,,,,,,
L5000,,,$473.78,,,,,,,,
L5020,,,"$3,116.35",,,,,,,,
L5050,,,"$2,527.66",,,,,,,,
L5100,,,Prevailng State Rates,,,,,,,,
L5150,,,Prevailng State Rates,,,,,,,,
L5301,,,"$2,627.00",,,,,,,,
L5321,,,"$4,058.29",,,,,,,,
L5331,,,"$8,476.12",,,,,,,,
L5450,,,$413.72,,,,,,,,
L5530,,,"$2,769.98",,,,,,,,
L5540,,,"$2,074.68",,,,,,,,
L5585,,,Prevailng State Rates,,,,,,,,
L5590,,,Prevailng State Rates,,,,,,,,
L5611,,,Prevailng State Rates,,,,,,,,
L5618,,,$292.93,,,,,,,,
L5620,,,$278.14,,,,,,,,
L5622,,,Prevailng State Rates,,,,,,,,
L5624,,,$353.18,,,,,,,,
L5626,,,$754.78,,,,,,,,
L5629,,,$297.99,,,,,,,,
L5630,,,Prevailng State Rates,,,,,,,,
L5631,,,$412.00,,,,,,,,
L5632,,,Prevailng State Rates,,,,,,,,
L5636,,,Prevailng State Rates,,,,,,,,
L5637,,,$279.16,,,,,,,,
L5643,,,Prevailng State Rates,,,,,,,,
L5645,,,$748.18,,,,,,,,
L5646,,,$809.55,,,,,,,,
L5647,,,$745.90,,,,,,,,
L5649,,,"$1,887.15",,,,,,,,
L5650,,,$538.14,,,,,,,,
L5651,,,"$1,126.09",,,,,,,,
L5652,,,$408.82,,,,,,,,
L5654,,,Prevailng State Rates,,,,,,,,
L5655,,,Prevailng State Rates,,,,,,,,
L5656,,,Prevailng State Rates,,,,,,,,
L5658,,,Prevailng State Rates,,,,,,,,
L5665,,,$706.73,,,,,,,,
L5668,,,$105.21,,,,,,,,
L5670,,,$408.83,,,,,,,,
L5671,,,$621.90,,,,,,,,
L5673,,,$517.34,,,,,,,,
L5676,,,Prevailng State Rates,,,,,,,,
L5678,,,Prevailng State Rates,,,,,,,,
L5679,,,$559.72,,,,,,,,
L5681,,,"$1,210.86",,,,,,,,
L5682,,,Prevailng State Rates,,,,,,,,
L5683,,,"$1,210.86",,,,,,,,
L5685,,,$117.90,,,,,,,,
L5686,,,Prevailng State Rates,,,,,,,,
L5688,,,$65.43,,,,,,,,
L5692,,,Prevailng State Rates,,,,,,,,
L5694,,,Prevailng State Rates,,,,,,,,
L5700,,,"$3,423.87",,,,,,,,
L5701,,,"$4,160.74",,,,,,,,
L5704,,,$571.80,,,,,,,,
L5705,,,Prevailng State Rates,,,,,,,,
L5706,,,Prevailng State Rates,,,,,,,,
L5707,,,"$1,946.92",,,,,,,,
L5781,,,"$4,218.07",,,,,,,,
L5783,,,Prevailng State Rates,,,,,,,,
L5785,,,Prevailng State Rates,,,,,,,,
L5812,,,Prevailng State Rates,,,,,,,,
L5814,,,"$3,418.73",,,,,,,,
L5828,,,"$3,389.41",,,,,,,,
L5845,,,"$1,649.93",,,,,,,,
L5848,,,"$1,267.04",,,,,,,,
L5850,,,$119.95,,,,,,,,
L5856,,,"$18,509.00",,,,,,,,
L5910,,,$339.61,,,,,,,,
L5920,,,$497.54,,,,,,,,
L5925,,,$408.96,,,,,,,,
L5926,,,$997.12,,,,,,,,
L5940,,,$584.79,,,,,,,,
L5950,,,$840.58,,,,,,,,
L5960,,,"$1,414.20",,,,,,,,
L5962,,,"$1,081.75",,,,,,,,
L5964,,,Prevailng State Rates,,,,,,,,
L5968,,,"$3,345.14",,,,,,,,
L5971,,,$338.57,,,,,,,,
L5972,,,$367.58,,,,,,,,
L5973,,,"$18,520.65",,,,,,,,
L5974,,,Prevailng State Rates,,,,,,,,
L5975,,,Prevailng State Rates,,,,,,,,
L5980,,,"$4,865.79",,,,,,,,
L5981,,,"$2,365.71",,,,,,,,
L5984,,,$677.39,,,,,,,,
L5986,,,$716.96,,,,,,,,
L5987,,,"$7,449.77",,,,,,,,
L5988,,,Prevailng State Rates,,,,,,,,
L5990,,,Prevailng State Rates,,,,,,,,
L5999,,,Cost Invoice,,,,,,,,
L6110,,,Prevailng State Rates,,,,,,,,
L6200,,,Prevailng State Rates,,,,,,,,
L6205,,,Prevailng State Rates,,,,,,,,
L6605,,,Prevailng State Rates,,,,,,,,
L6615,,,Prevailng State Rates,,,,,,,,
L6620,,,Prevailng State Rates,,,,,,,,
L6686,,,Prevailng State Rates,,,,,,,,
L6688,,,Prevailng State Rates,,,,,,,,
L6692,,,$771.89,,,,,,,,
L6698,,,Prevailng State Rates,,,,,,,,
L6704,,,Prevailng State Rates,,,,,,,,
L6721,,,Prevailng State Rates,,,,,,,,
L6805,,,Prevailng State Rates,,,,,,,,
L6890,,,$256.30,,,,,,,,
L7368,,,Prevailng State Rates,,,,,,,,
L7400,,,Prevailng State Rates,,,,,,,,
L7401,,,Prevailng State Rates,,,,,,,,
L7403,,,Prevailng State Rates,,,,,,,,
L7404,,,Prevailng State Rates,,,,,,,,
L7499,,,Cost Invoice,,,,,,,,
L7510,,,$235.37,,,,,,,,
L7520,,,$33.77,,,,,,,,
L7700,,,Prevailng State Rates,,,,,,,,
L8000,,,$38.70,,,,,,,,
L8001,,,$169.98,,,,,,,,
L8002,,,Prevailng State Rates,,,,,,,,
L8010,,,Cost Invoice,,,,,,,,
L8015,,,$84.36,,,,,,,,
L8020,,,$225.91,,,,,,,,
L8030,,,$295.82,,,,,,,,
L8031,,,Prevailng State Rates,,,,,,,,
L8032,,,$55.13,,,,,,,,
L8035,,,Prevailng State Rates,,,,,,,,
L8400,,,$17.41,,,,,,,,
L8410,,,$36.52,,,,,,,,
L8417,,,$69.23,,,,,,,,
L8420,,,$18.81,,,,,,,,
L8430,,,$21.48,,,,,,,,
L8440,,,$39.22,,,,,,,,
L8460,,,$81.83,,,,,,,,
L8470,,,$6.26,,,,,,,,
L8480,,,$11.51,,,,,,,,
L8500,,,Prevailng State Rates,,,,,,,,
L8501,,,$107.61,,,,,,,,
L8615,,,Prevailng State Rates,,,,,,,,
L8616,,,Prevailng State Rates,,,,,,,,
L8618,,,Prevailng State Rates,,,,,,,,
L8619,,,"$11,131.45",,,,,,,,
L8623,,,Prevailng State Rates,,,,,,,,
L8624,,,Prevailng State Rates,,,,,,,,
L8629,,,Prevailng State Rates,,,,,,,,
L8681,,,Prevailng State Rates,,,,,,,,
L8691,,,"$2,333.52",,,,,,,,
L8692,,,"$2,351.98",,,,,,,,
L8694,,,"$1,279.64",,,,,,,,
L9900,,,Cost Invoice,,,,,,,,
S1040,,,"$2,308.17",,,,,,,,
S8120,,,Prevailng State Rates,,,,,,,,
T4521,,,Prevailng State Rates,,,,,,,,
T4522,,,Prevailng State Rates,,,,,,,,
T4523,,,Prevailng State Rates,,,,,,,,
T4524,,,Prevailng State Rates,,,,,,,,
T4525,,,Prevailng State Rates,,,,,,,,
T4526,,,Prevailng State Rates,,,,,,,,
T4527,,,Prevailng State Rates,,,,,,,,
T4528,,,Prevailng State Rates,,,,,,,,
T4530,,,Prevailng State Rates,,,,,,,,
T4531,,,Prevailng State Rates,,,,,,,,
T4532,,,Prevailng State Rates,,,,,,,,
T4534,,,Prevailng State Rates,,,,,,,,
T4535,,,Prevailng State Rates,,,,,,,,
T4536,,,Prevailng State Rates,,,,,,,,
T4537,,,Prevailng State Rates,,,,,,,,
T4541,,,Prevailng State Rates,,,,,,,,
T4543,,,Prevailng State Rates,,,,,,,,
